Song Name,Chart Version,Image URL,Version,BASIC,ADVANCED,EXPERT,MASTER,REMASTER
True Love Song,STD,c7cfd8a91e0436ac.png,maimai,5.0~,7.2,10.2,12.4,
Color My World,STD,324889241d4d12cf.png,maimai,4.0~,7.1,9.8,12.4,
Future,STD,507c390321c312eb.png,maimai,7.0~,7.8,9.5,10.7,12.7
Love You,STD,daf6adeacb8fc300.png,maimai,6.0~,6.8,9.0,11.7,
In Chaos,STD,a044abc0c8fca1cf.png,maimai,6.0~,7.6,9.7,12.5,14.8
Crush On You,STD,655e0ae2bac3cb0d.png,maimai,4.0~,7.6,9.2,11.4,13.7
Sun Dance,STD,aca38878fc022dcb.png,maimai,4.0~,7.0,8.9,11.3,14.0
Sweets×Sweets,STD,9c2ec21fc9eb6a08.png,maimai,6.0~,7.4,9.3,11.4,
Love or Lies,STD,4d2c50f8046c8c8f.png,maimai,5.0~,6.8,9.5,11.7,
ネコ日和。,STD,30eb032b16877275.png,maimai,6.0~,7.9,8.8,12.6,
ネコ日和。,DX,30eb032b16877275.png,PRiSM PLUS,2.0,6.5,9.5,13.7,
虹と太陽,STD,4790ce1143cd00b8.png,maimai,6.0~,8.4,11.2,12.8,
炭★坑★節,STD,a9db8ef3ca824a83.png,maimai,5.0~,7.1,10.7,13.3,
NIGHT OF FIRE,STD,8205c81e9d23470d.png,maimai,7.0~,8.2,10.0,11.7,
come again,STD,23aec440c8812a0d.png,maimai,5.0~,7.2,10.2,12.4,
jelly,STD,a04ffc79950a73a2.png,maimai,5.0~,8.0,9.3,12.4,
ハッピーシンセサイザ,STD,17bd34442bb405c8.png,maimai,5.0~,7.6,9.6,12.5,
ハッピーシンセサイザ,DX,17bd34442bb405c8.png,BUDDiES PLUS,3.0,6.0,9.5,12.8,
ルカルカ★ナイトフィーバー,STD,b3690cc56ebefda2.png,maimai,6.0~,7.6,9.3,11.7,
源平大戦絵巻テーマソング,STD,ad6ef476a7500798.png,maimai,6.0~,8.5,10.7,12.8,14.6
美しく燃える森,STD,02627f1e02b50b2e.png,maimai,6.0~,7.2,9.1,10.7,
ウッーウッーウマウマ(ﾟ∀ﾟ),STD,ba0f9d3b5b630461.png,maimai,6.0~,8.3,9.7,13.4,
Endless World,STD,387a91b8fee31725.png,maimai PLUS,5.0~,7.0,11.2,13.0,13.4
Beat Of Mind,STD,2aea2c2fbd7c0b2a.png,maimai,6.0~,9.3,12.7,12.5,14.2
檄！帝国華撃団(改),STD,15dfff539a968c89.png,maimai,5.0~,7.4,9.4,10.7,13.1
メランコリック,STD,883b8d0c3ac0b34a.png,maimai,7.0~,7.8,9.4,11.7,
教えて!! 魔法のLyric,STD,19c643efff825c85.png,maimai,7.0~,8.0,9.7,12.4,
ZIGG-ZAGG,STD,3c33f819dd33084c.png,maimai,7.0~,7.8,9.3,11.4,12.5
ワールズエンド・ダンスホール,STD,7d63f55a93c01564.png,maimai,7.0~,8.4,9.7,13.0,13.3
パンダヒーロー,STD,435c43a8153c239a.png,maimai,6.0~,7.7,9.8,12.4,
オレンジの夏,STD,36697811028a024a.png,maimai,6.0~,7.6,10.0,12.4,
BaBan!! －甘い罠－,STD,293f8b95a06130fc.png,maimai,6.0~,8.6,12.3,12.5,
ジングルベル,STD,5c0567c39670fbf4.png,maimai,6.0~,7.9,10.9,14.4,14.2
ジングルベル,DX,5c0567c39670fbf4.png,FESTiVAL,5.0,7.8,10.8,14.6,
マトリョシカ,STD,311d40df8438952a.png,maimai,6.0~,8.6,9.7,11.7,13.3
メグメグ☆ファイアーエンドレスナイト,STD,c5b4e1db83ded58b.png,maimai,7.0~,7.8,8.8,11.7,
天国と地獄,STD,1957d22b99bec8fc.png,maimai,5.0~,8.0,10.0,13.4,
きみのためなら死ねる,STD,2e40a6e7ff485668.png,maimai,4.0~,7.0,10.0,12.5,
怪盗Rのテーマ,STD,7164862f8378206f.png,maimai,5.0~,7.8,10.6,12.7,
マリアをはげませ,STD,3cdf01424c744832.png,maimai,5.0~,7.0,8.7,11.9,
SHOW TIME,STD,fc99cd2f2ca000cb.png,maimai,5.0~,6.6,8.9,12.5,
City Escape: Act1,STD,81b2f582c74e1dce.png,maimai,5.0~,6.2,9.7,12.7,12.7
Rooftop Run: Act1,STD,76099ef5228c3669.png,maimai,5.0~,7.4,11.7,12.4,13.2
Reach For The Stars,STD,3e05f30cf1972775.png,maimai,5.0~,8.6,10.9,13.9,
Urban Crusher [Remix],STD,d60259eeb7cc6248.png,maimai,6.0~,9.1,12.7,13.4,
Catch The Future,STD,03baed79efbb3e54.png,maimai,6.0~,8.7,10.7,12.8,
JACKY [Remix],STD,0f69f3123db19f49.png,maimai,4.0~,7.5,11.1,13.7,14.0
Tell Your World,STD,2409dc4300acfacf.png,maimai PLUS,6.0~,7.5,10.5,12.4,13.2
おちゃめ機能,STD,29d1106de82a3432.png,maimai PLUS,5.0~,8.1,9.1,13.6,
ダンシング☆サムライ,STD,d4f0ba13bfbcfb04.png,maimai PLUS,6.0~,8.2,11.1,12.7,
BAD∞END∞NIGHT,STD,379a393f1e3acfbf.png,maimai PLUS,6.0~,8.6,10.7,13.5,
ロミオとシンデレラ,STD,9a1d155fd3c46f5d.png,maimai PLUS,5.0~,8.6,11.1,12.7,13.3
Sweetiex2,STD,867a5c27569914df.png,maimai PLUS,5.0~,6.9,8.5,12.4,
腐れ外道とチョコレゐト,STD,9a0626b85cbf4c24.png,maimai PLUS,6.0~,9.0,12.7,13.7,
Quartet Theme [Reborn],STD,781f4b930961ea60.png,maimai PLUS,3.0~,7.3,11.9,13.0,
Sky High [Reborn],STD,c6b173c0ac3c2a19.png,maimai PLUS,5.0~,8.2,10.7,12.7,12.7
Like the Wind [Reborn],STD,0fe32017bb6280d5.png,maimai PLUS,6.0~,9.0,11.4,14.0,
YA･DA･YO [Reborn],STD,1cb752563c0aaa9d.png,maimai PLUS,4.0~,8.7,13.0,13.4,
Space Harrier Main Theme [Reborn],STD,2f730929cef3fa6e.png,maimai PLUS,6.0~,7.6,11.7,13.6,
DADDY MULK -Groove remix-,STD,97be2a3d2ea25489.png,GreeN,5.0~,7.5,12.0,13.8,13.8
ぴぴぱぷぅ！,STD,ba436a1cf6e84d58.png,maimai PLUS,3.0~,8.2,11.2,12.9,
炎歌 -ほむらうた-,STD,40800dfb586539a2.png,maimai PLUS,4.0~,7.2,12.0,13.7,
炎歌 -ほむらうた-,DX,40800dfb586539a2.png,BUDDiES PLUS,2.0,5.8,9.8,13.0,
犬日和。,STD,9e21afb73ce3ee65.png,maimai PLUS,5.0~,7.0,10.0,12.4,
ソーラン☆節,STD,50c1e16531d2c478.png,maimai PLUS,6.0~,8.0,11.4,13.4,
デコボコ体操第二,STD,8e08d39727825f8a.png,maimai PLUS,5.0~,6.8,9.1,10.7,
スイートマジック,STD,e1e5a738cc1af930.png,maimai PLUS,4.0~,7.1,10.7,12.4,
ゴーゴー幽霊船,STD,b4c2df0b003d74e2.png,maimai PLUS,5.0~,8.2,11.2,12.6,
ゴーゴー幽霊船,DX,b4c2df0b003d74e2.png,PRiSM PLUS,3.0,7.0,10.0,13.0,
千本桜,STD,fa67a0cdb0ac0035.png,maimai PLUS,6.0~,8.2,10.7,13.4,
千本桜,DX,fa67a0cdb0ac0035.png,maimaiでらっくす,4.0,6.0,9.3,12.5,
御旗のもとに,STD,f364b690f9a0bff3.png,maimai PLUS,5.0~,7.6,12.1,12.7,
御旗のもとに,DX,f364b690f9a0bff3.png,BUDDiES PLUS,3.0,6.8,10.7,12.9,
FEEL ALIVE,STD,b6fcfb51e60145a0.png,maimai PLUS,6.0~,8.8,12.1,13.7,
Link,STD,1e44516a8a3b5a51.png,ORANGE,6.0~,7.8,12.6,12.5,13.5
Turn around,STD,1c7a37b61084b07c.png,maimai PLUS,6.0~,8.1,13.1,13.7,
We Gonna Party,STD,a29a68c61ddd6e50.png,maimai PLUS,6.0~,8.6,12.9,13.7,13.9
Night Fly,STD,576d1cf555d8b20e.png,maimai PLUS,3.0~,8.2,11.7,13.2,13.4
Feel My Fire,STD,e5ddcd58940726b0.png,maimai PLUS,5.0~,9.1,11.1,13.2,
Streak,STD,3cb7213bbbf15068.png,maimai PLUS,6.0~,8.1,12.7,13.7,
Spin me harder,STD,9297d312adadbabf.png,maimai PLUS,6.0~,8.4,12.2,13.4,
Lionheart,STD,345bf181e0e2a38f.png,maimai PLUS,6.0~,8.2,11.4,13.4,
Acceleration,STD,fc4f7485268a2839.png,maimai PLUS,7.0~,8.7,11.9,13.4,
Sprintrances,STD,cfcb71703c6ce7a1.png,maimai PLUS,6.0~,8.6,11.1,13.3,
Nerverakes,STD,de90828ed738aa17.png,maimai PLUS,7.0~,8.4,11.9,14.1,
Black Out,STD,cf0c75be95ea0056.png,maimai PLUS,6.0~,8.2,13.0,13.3,
Fragrance,STD,2bb3f7cff734ce6a.png,maimai PLUS,6.0~,9.3,12.7,14.2,14.6
air's gravity,STD,aee19bd4029d2d47.png,maimai PLUS,7.0~,8.6,11.3,13.3,13.7
Starlight Disco,STD,055586e227c60d9c.png,maimai PLUS,4.0~,7.8,11.9,12.4,12.7
Starlight Disco,DX,055586e227c60d9c.png,UNiVERSE PLUS,4.0,7.5,11.9,13.1,
39,STD,db70c06c380e264e.png,maimai PLUS,5.0~,8.6,11.2,13.0,13.4
39,DX,db70c06c380e264e.png,maimaiでらっくす,3.0,7.2,9.3,12.8,
地上の戦士,STD,5fafe30c7a522302.png,maimai PLUS,5.0~,7.7,11.4,12.7,
超絶！Superlative,STD,8f56b649f325c443.png,maimai PLUS,6.0~,8.7,11.8,13.2,
采配の刻 Power of order,STD,30b0b198224f5901.png,maimai PLUS,6.0~,8.6,11.9,13.2,
DO RORO DERODERO ON DO RORO,STD,c7d50e554e2b7083.png,maimai PLUS,6.0~,8.9,13.2,13.7,
泣き虫O'clock,STD,ce88f720f8f7e8fe.png,maimai PLUS,4.0~,8.1,10.9,13.2,12.9
Natural Flow,STD,7867688c4ab0adf2.png,maimai PLUS,4.0~,7.9,11.8,12.6,
maimaiちゃんのテーマ,STD,e133ba6602be1ed9.png,maimai PLUS,5.0~,7.1,9.3,12.4,
I ♥,STD,02726be291ff6fa0.png,GreeN,5.0~,7.7,9.4,12.7,
＊ハロー、プラネット。,STD,54d9be729151e423.png,GreeN,3.0~,6.8,9.6,12.8,
＊ハロー、プラネット。,DX,54d9be729151e423.png,BUDDiES,2.0,7.0,9.0,12.8,
イアイア★ナイトオブデザイア,STD,e87708ce64ba6e75.png,GreeN,5.0~,7.3,9.8,11.2,
ローリンガール,STD,35c7bf45db2cc050.png,GreeN,4.0~,7.4,9.8,13.2,
天ノ弱,STD,09f6026981bfa534.png,GreeN,4.0~,8.4,11.0,13.3,
天ノ弱,DX,09f6026981bfa534.png,Splash,3.0,7.2,10.0,12.8,
弱虫モンブラン,STD,2e735ac2d44d4511.png,GreeN,4.0~,7.0,10.9,12.7,
モザイクロール,STD,813d4e599de416c0.png,GreeN,3.0~,7.7,10.7,12.7,
モザイクロール,DX,813d4e599de416c0.png,FESTiVAL,3.0,6.5,10.2,13.1,
脳漿炸裂ガール,STD,968dbd5f0c309827.png,GreeN,5.0~,7.1,12.7,14.1,
脳漿炸裂ガール,DX,968dbd5f0c309827.png,maimaiでらっくす,4.0,6.0,11.3,12.9,
SPiCa,STD,307de9c3fbc7494f.png,GreeN PLUS,3.0~,7.2,9.9,12.8,
セツナトリップ,STD,4cdf81639751cc7f.png,GreeN,5.0~,7.6,11.0,13.3,
セツナトリップ,DX,4cdf81639751cc7f.png,UNiVERSE PLUS,2.0,7.8,10.8,13.4,
放課後ストライド,STD,3fb5811ff9f8780a.png,GreeN,5.0~,8.4,10.7,13.3,
カゲロウデイズ,STD,b6e33b58e573a59b.png,GreeN,5.0~,7.0,11.7,13.2,14.1
チルノのパーフェクトさんすう教室,STD,d44aee5f4b660d3d.png,GreeN,3.0~,7.2,10.4,13.3,
魔理沙は大変なものを盗んでいきました,STD,d542e0accb085302.png,GreeN,6.0~,7.2,9.5,13.3,
Grip & Break down !!,STD,3cdafcda11978c26.png,GreeN,4.0~,7.0,9.7,13.4,
Grip & Break down !!,DX,3cdafcda11978c26.png,UNiVERSE PLUS,5.0,7.0,9.5,13.4,
ナイト・オブ・ナイツ,STD,541de4c8cadacd0e.png,GreeN,4.0~,8.0,12.0,13.3,14.4
ナイト・オブ・ナイツ,DX,541de4c8cadacd0e.png,FESTiVAL PLUS,5.0,7.7,11.8,13.5,
全人類ノ非想天則,STD,c2c39366181de9d6.png,GreeN,4.0~,7.9,10.6,13.2,
しゅわスパ大作戦☆,STD,cd787bcc1dc248f7.png,GreeN,5.0~,7.5,9.9,12.7,
時空を超えて久しぶり！,STD,ff5ca30df34724ec.png,GreeN,3.0~,6.2,10.3,12.7,
Her Dream Is To Be A Fantastic Sorceress,STD,7ae04c35269c0db1.png,GreeN,2.0~,6.8,10.9,12.0,
ココロスキャンのうた,STD,c6bc8a091cf2f21e.png,GreeN,5.0~,7.5,11.3,13.8,
神室雪月花,STD,5db62229a9499d1e.png,GreeN,2.0~,7.7,12.2,12.7,
KONNANじゃないっ！,STD,626df36e28466c99.png,GreeN,5.0~,6.8,9.0,13.4,
awake,STD,a72c9e1c55872eee.png,GreeN,4.0~,8.5,9.3,13.2,
Mysterious Destiny,STD,27f03e7294044bd8.png,GreeN,4.0~,7.5,12.7,13.3,
Riders Of The Light,STD,518b49bea5bb7554.png,GreeN,4.0~,7.4,11.7,12.6,
Terminal Storm,STD,24a98d74754d67de.png,GreeN,3.0~,7.8,11.6,13.4,
記憶、記録,STD,d3b6c643833fed2b.png,GreeN,4.0~,9.2,11.2,13.6,14.3
セガサターン起動音[H.][Remix],STD,6cb5afa2c0d02884.png,GreeN,2.0~,7.1,11.1,13.0,
夜咄ディセイブ,STD,24bb3dc2a6705c6d.png,GreeN,5.0~,8.6,12.5,13.8,
ウサテイ,STD,3ad0c2206eeb3435.png,GreeN,5.0~,7.5,10.8,14.0,
sweet little sister,STD,937d88b9bec425ac.png,GreeN PLUS,4.0~,7.1,10.7,13.4,
sweet little sister,DX,937d88b9bec425ac.png,BUDDiES PLUS,5.0,7.2,10.0,13.4,
Blew Moon,STD,6891e59c82beef64.png,GreeN,5.0~,9.2,12.5,13.4,13.4
Garakuta Doll Play,STD,a259af51e0b9d863.png,GreeN,6.0~,9.0,13.1,14.2,14.8
Dreampainter,STD,def8c4162b0cb791.png,ORANGE,4.0~,7.8,11.1,12.9,
ぐるぐるWASH！コインランドリー・ディスコ,STD,eaccafed32ffe317.png,GreeN PLUS,4.0~,7.2,9.8,12.6,
CYCLES,STD,2e64a1f5e2e4b832.png,GreeN PLUS,6.0~,8.0,10.8,13.3,
Heartbeats,STD,7e09354e3062f772.png,GreeN PLUS,5.0~,8.8,11.8,13.2,
Life Feels Good,STD,cdf0971ddf086c2d.png,GreeN PLUS,5.0~,8.8,12.8,13.7,
MYTHOS,STD,cf794d85900e873d.png,GreeN PLUS,5.0~,8.6,12.2,14.4,
End of Twilight,STD,649b07a8bbe01a97.png,GreeN PLUS,4.0~,7.8,11.9,13.2,
火炎地獄,STD,4f5af85242e1b088.png,GreeN PLUS,5.0~,9.0,12.6,14.1,
火炎地獄,DX,4f5af85242e1b088.png,FESTiVAL,4.0,7.7,12.5,14.1,
ユビキリ,STD,d5f50f1f3dc4f4d0.png,MURASAKi PLUS,4.0~,8.0,11.8,13.3,
Pixel Voyage,STD,98b32bbc7a3635da.png,GreeN,3.0~,6.8,9.7,12.8,
Get Happy,STD,11db059774cf5254.png,GreeN,4.0~,7.8,12.9,13.8,
System “Z”,STD,b9f9c95d02592f5c.png,GreeN,6.0~,9.1,12.8,14.4,14.0
Beat of getting entangled,STD,1302aa1b571e7ef0.png,GreeN,5.0~,8.8,12.8,13.8,14.5
Cosmic Train,STD,cb8668f6f951b5ac.png,GreeN,3.0~,6.4,10.9,12.5,
ナミダと流星,STD,5704ab871a0f61c3.png,ORANGE PLUS,5.0~,7.8,10.8,12.5,
ナミダと流星,DX,5704ab871a0f61c3.png,BUDDiES,4.0,7.2,11.0,13.3,
おても☆Yan,STD,a3c48c499abf548a.png,ORANGE,4.0~,6.8,10.5,13.0,
maiム・maiム feat.週刊少年マガジン,STD,1610aea48e042a78.png,GreeN,5.0~,7.6,11.6,13.2,
Danza zandA,STD,94647b34168e743e.png,GreeN PLUS,5.0~,7.8,10.8,13.4,13.7
Backyun! －悪い女－,STD,9809562861a2078e.png,GreeN,4.0~,7.5,11.8,12.7,13.3
Monochrome Rainbow,STD,89ff5ab582f47732.png,GreeN PLUS,3.0~,8.6,10.9,13.0,
Monochrome Rainbow,DX,89ff5ab582f47732.png,FESTiVAL PLUS,4.0,8.0,11.2,13.3,
みんなのマイマイマー,STD,13c3b84c3a9f754f.png,GreeN,4.0~,8.6,11.2,13.7,13.7
円舞曲、君に,STD,10c3b14dbeaabd3c.png,GreeN,3.0~,6.8,11.3,13.3,
Live & Learn,STD,d56dc89f76dbba33.png,GreeN PLUS,4.0~,7.6,11.3,13.3,
Burning Hearts ～炎のANGEL～,STD,243925fb558d75b6.png,GreeN,5.0~,8.4,10.9,12.7,13.8
いーあるふぁんくらぶ,STD,b21cc578793a6938.png,GreeN,4.0~,7.5,8.6,12.2,12.7
いーあるふぁんくらぶ,DX,b21cc578793a6938.png,maimaiでらっくす,2.0,6.0,8.2,11.2,
Nyan Cat EX,STD,45086a744d1294be.png,GreeN,5.0~,7.9,11.7,13.8,
ぽっぴっぽー,STD,a614663a6453f7de.png,GreeN,4.0~,7.5,9.9,13.3,
LUCIA,STD,38dd2f26285ee2f8.png,GreeN,5.0~,7.5,12.3,13.2,13.7
Death Scythe,STD,f4e1193a7dc748ea.png,GreeN,5.0~,8.6,12.1,13.8,14.2
BREAK YOU!!,STD,f6e30582f79af660.png,GreeN,5.0~,7.2,11.0,13.7,
JUMPIN' JUMPIN',STD,d3254db452d7bf2d.png,GreeN,4.0~,8.5,11.7,13.1,
L'épilogue,STD,55b095f9217865b2.png,GreeN,5.0~,8.2,11.7,13.7,
Save This World νMIX,STD,1cb40b23f3af8305.png,GreeN,4.0~,8.1,10.6,13.3,13.3
Living Universe,STD,d7fff9c9d63c5a82.png,GreeN,3.0~,8.1,10.0,11.8,12.6
Ignite Infinity,STD,30b516a0c2d64f97.png,GreeN,4.0~,7.2,11.9,12.6,
トルコ行進曲 - オワタ＼(^o^)／,STD,951e6d7982e052cf.png,GreeN,3.0~,7.6,10.0,13.8,
裏表ラバーズ,STD,1c9f188e15b13d2b.png,GreeN,6.0~,8.2,12.6,13.9,
Outlaw's Lullaby,STD,d54f61d4d4db472a.png,GreeN PLUS,4.0~,8.6,10.7,14.0,
Brand-new Japanesque,STD,857f35176a1b0262.png,GreeN PLUS,3.0~,8.4,10.7,12.7,
レッツゴー!陰陽師,STD,40103bc4df5c4632.png,GreeN PLUS,2.0~,7.5,9.7,13.3,
炉心融解,STD,efe6a2bdd71bf82d.png,MURASAKi,4.0~,7.0,11.4,13.2,
ダブルラリアット,STD,2f2c3f8d7dfbcaa4.png,ORANGE,5.0~,6.6,10.9,13.2,
からくりピエロ,STD,e466cd437e917e44.png,GreeN PLUS,3.0~,6.6,10.1,12.6,12.8
ネトゲ廃人シュプレヒコール,STD,194326e1cb7513ae.png,MURASAKi,5.0~,7.8,10.7,13.7,
むかしむかしのきょうのぼく,STD,37a169cc1cb4aed1.png,GreeN PLUS,3.0~,7.2,10.1,12.5,
magician's operation,STD,9e5d4466d8429a5b.png,GreeN PLUS,4.0~,7.9,11.8,13.7,
六兆年と一夜物語,STD,0950cc45432555fe.png,ORANGE PLUS,5.0~,7.8,10.7,13.8,
六兆年と一夜物語,DX,0950cc45432555fe.png,maimaiでらっくす,4.0,7.8,9.4,13.8,
みくみくにしてあげる♪【してやんよ】,STD,4f61e6e5584ba3db.png,ORANGE PLUS,4.0~,6.8,9.4,11.9,
リリリリ★バーニングナイト,STD,0ecd4d01e6c5816a.png,GreeN PLUS,6.0~,8.3,9.7,10.9,
ハロ／ハワユ,STD,7486b0344c14d632.png,GreeN PLUS,3.0~,6.6,9.4,12.0,
緋色のDance,STD,94d6991c0998cadd.png,ORANGE,5.0~,7.6,10.7,13.3,13.7
明星ロケット,STD,006fe0acc3124e63.png,ORANGE,5.0~,7.6,10.0,12.5,12.7
The Great Journey,STD,1e13b329e829f3ef.png,ORANGE,6.0~,6.8,10.5,11.9,
お嫁にしなさいっ！,STD,0ba059088892b17c.png,GreeN PLUS,3.0~,7.6,10.9,12.8,
ロストワンの号哭,STD,1cb4a922d67acf7e.png,ORANGE PLUS,4.0~,6.8,10.8,13.6,14.2
Sweet Devil,STD,b21fbac0b3f7bb9a.png,ORANGE PLUS,4.0~,7.4,11.5,12.7,
患部で止まってすぐ溶ける～狂気の優曇華院,STD,943b8a0563a24df8.png,GreeN PLUS,4.0~,8.0,10.7,13.7,14.0
患部で止まってすぐ溶ける～狂気の優曇華院,DX,943b8a0563a24df8.png,maimaiでらっくす,3.0,7.7,11.0,13.5,
ケロ⑨destiny,STD,770423fd2e706318.png,ORANGE PLUS,4.0~,7.3,10.9,13.0,
ケロ⑨destiny,DX,770423fd2e706318.png,FESTiVAL,3.0,6.5,10.2,13.4,
"Endless, Sleepless Night",STD,fba94ed765e1c00b.png,GreeN PLUS,4.0~,8.3,10.8,13.3,
POP STAR,STD,212dcc8c73d2fc43.png,GreeN PLUS,3.0~,7.0,9.6,11.4,
Back 2 Back,STD,a8fdea5dc529ecbd.png,GreeN PLUS,6.0~,7.8,10.8,13.7,
神々の祈り,STD,0ef9e229fe56a094.png,GreeN PLUS,3.0~,7.1,9.3,12.7,
エピクロスの虹はもう見えない,STD,5177ad4303c2b997.png,GreeN PLUS,3.0~,7.4,9.9,11.8,13.2
シアワセうさぎ,STD,b4fc0cc12303d468.png,GreeN PLUS,4.0~,7.3,8.8,11.0,
ってゐ！ ～えいえんてゐVer～,STD,c1694a7ecbb79aeb.png,ORANGE PLUS,3.0~,7.3,9.7,12.5,13.2
待チ人ハ来ズ。,STD,7a7caebb5d771176.png,GreeN PLUS,3.0~,7.6,9.8,13.2,
Cosmic Magic Shooter,STD,dfdf63e57f5e127a.png,ORANGE,5.0~,7.8,10.8,13.9,
深海少女,STD,74f1d3bb32ce7d30.png,GreeN PLUS,3.0~,7.3,9.9,13.2,
深海少女,DX,74f1d3bb32ce7d30.png,FESTiVAL PLUS,2.0,6.5,9.5,13.0,
M.S.S.Planet,STD,c0ee52db4c23afe7.png,GreeN PLUS,3.0~,7.7,10.7,12.6,
M.S.S.Planet,DX,c0ee52db4c23afe7.png,FESTiVAL,3.0,7.0,9.7,12.9,
東方スイーツ！～鬼畜姉妹と受難メイド～,STD,63be4d5eb7c931bd.png,ORANGE PLUS,5.0~,7.7,10.7,13.2,
幻想のサテライト,STD,032fe5fc9324b24e.png,GreeN PLUS,4.0~,8.1,11.3,14.1,
幻想のサテライト,DX,032fe5fc9324b24e.png,maimaiでらっくす,4.0,7.8,10.4,13.5,
最速最高シャッターガール,STD,bc2476b4b947e10c.png,GreeN PLUS,4.0~,8.2,10.9,12.6,
バラライカ,STD,8447601f724531de.png,GreeN PLUS,3.0~,7.7,9.8,12.0,
林檎華憐歌,STD,4077a676c90c2cba.png,GreeN PLUS,5.0~,7.4,11.3,12.5,
YATTA!,STD,c2434fdb76299e19.png,GreeN PLUS,3.0~,6.9,9.7,11.7,
Jack-the-Ripper◆,STD,face36da229c0923.png,GreeN PLUS,5.0~,9.0,12.2,14.1,
Windy Hill -Zone 1,STD,3b51edc59a9656a8.png,GreeN PLUS,4.0~,8.3,11.0,13.4,
コトバ・カラフル,STD,8d9f5283fc6a2890.png,GreeN PLUS,3.0~,7.2,8.6,13.7,
タカハせ！名人マン,STD,f671bf7482912046.png,GreeN PLUS,3.0~,7.5,9.8,13.5,
言ノ葉カルマ,STD,002fd27f211f7318.png,GreeN PLUS,4.0~,7.5,10.7,13.4,13.3
かせげ！ジャリンコヒーロー,STD,3c6a2505eadb3ba2.png,GreeN PLUS,4.0~,7.6,9.8,12.5,
キズナの物語,STD,99ef712bdad6ff53.png,GreeN PLUS,3.0~,7.2,9.1,13.2,
Heart Beats,STD,98960650058c168a.png,ORANGE,4.0~,7.5,9.8,12.4,
アゲアゲアゲイン,STD,e50c39bed8f4d975.png,GreeN PLUS,4.0~,8.0,10.3,12.5,
鼓動,STD,10233a1022cd8bb8.png,GreeN PLUS,4.0~,7.7,10.8,13.3,
DRAGONLADY,STD,59a5b2945d35ee7a.png,GreeN PLUS,4.0~,8.4,12.8,13.9,
二息歩行,STD,c1de7b4bbf76fcd8.png,GreeN PLUS,3.0~,7.6,10.1,13.3,
ファンタジーゾーン OPA-OPA! -GMT remix-,STD,10d4b8923d34d87e.png,GreeN PLUS,4.0~,7.4,10.8,13.4,
電車で電車でGO!GO!GO!GC! -GMT remix-,STD,c1755c85cfa90fb5.png,GreeN PLUS,5.0~,7.6,9.5,12.5,
RIDGE RACER STEPS -GMT remix-,STD,489d5189ec8e2a11.png,GreeN PLUS,5.0~,8.0,11.8,13.4,
リッジでリッジでGO!GO!GO! -GMT mashup-,STD,1502f855bf3b76cf.png,GreeN PLUS,4.0~,7.6,11.8,13.6,
オパ! オパ! RACER -GMT mashup-,STD,b596ea69b00562cb.png,GreeN PLUS,4.0~,7.1,10.8,13.7,
電車で電車でOPA!OPA!OPA! -GMT mashup-,STD,8eb85b669213f437.png,GreeN PLUS,4.0~,7.3,11.8,13.8,
Axeria,STD,37a5eaf55d5e4d32.png,ORANGE PLUS,6.0~,8.6,12.9,14.5,
ピーマンたべたら,STD,242be907a6d59e16.png,ORANGE,5.0~,7.6,11.4,13.7,
MIRROR of MAGIC,STD,967e724b039ec9dc.png,ORANGE,5.0~,7.8,10.7,13.2,
究極焼肉レストラン！お燐の地獄亭！,STD,006d4517fc7e6e04.png,ORANGE,6.0~,7.3,10.7,12.7,
shake it!,STD,1480ca66a27df12e.png,ORANGE,5.0~,7.6,9.0,12.5,
YU-MU,STD,95e9c961555d4e4b.png,PiNK,4.0~,7.5,10.8,13.2,
物凄い勢いでけーねが物凄いうた,STD,36bfc5734d8df91b.png,PiNK,5.0~,7.3,9.8,13.4,
BETTER CHOICE,STD,118a606730c3ff82.png,ORANGE,4.0~,8.3,10.8,12.9,
Oshama Scramble!,STD,64635a3534ce788a.png,ORANGE PLUS,6.0~,8.6,11.9,14.5,
Oshama Scramble!,DX,64635a3534ce788a.png,maimaiでらっくす,4.0,8.7,11.4,13.6,
D✪N’T  ST✪P  R✪CKIN’,STD,fa4ab1b07c950368.png,ORANGE PLUS,6.0~,8.1,11.9,13.8,13.5
ガラテアの螺旋,STD,0c110a5873857c5f.png,ORANGE PLUS,6.0~,8.8,13.3,14.6,14.7
oboro,STD,19b8ef35f1800884.png,ORANGE,6.0~,8.4,12.0,13.7,
oboro,DX,19b8ef35f1800884.png,BUDDiES,4.0,7.8,11.0,13.7,
Dragoon,STD,bf6a041e1c971bdd.png,ORANGE,5.0~,8.6,10.9,13.4,14.5
アンハッピーリフレイン,STD,0b3097b182ae0642.png,ORANGE,5.0~,8.3,11.8,13.4,
One Step Ahead,STD,8e3cad1f597c0558.png,ORANGE,6.0~,7.5,11.2,12.7,
One Step Ahead,DX,8e3cad1f597c0558.png,PRiSM,4.0,7.2,10.5,13.2,
L9,STD,a9eaaab7eea3b2cf.png,ORANGE PLUS,5.0~,8.3,11.1,13.7,
planet dancer,STD,e1fa4c7cb49a9a84.png,ORANGE,4.0~,7.8,11.2,13.2,13.7
Caliburne ～Story of the Legendary sword～,STD,7750698f692b00cd.png,ORANGE,5.0~,9.4,12.9,14.3,
どうしてこうなった,STD,ace05ab995f9fee5.png,ORANGE PLUS,5.0~,7.8,11.7,13.7,
B.B.K.K.B.K.K.,STD,60545b69d517fb30.png,ORANGE,6.0~,8.8,12.7,14.0,
おこちゃま戦争,STD,e8f0c0f81f6a4e8a.png,ORANGE,6.0~,7.3,10.8,13.3,
Link,STD,e90f79d9dcff84df.png,ORANGE,6.0~,8.2,10.7,12.5,
VERTeX,STD,23941430342ce007.png,ORANGE,5.0~,8.8,11.9,14.7,
Ignis Danse,STD,8de7dd8b8e1c1016.png,ORANGE,5.0~,8.3,13.0,14.5,
Scars of FAUNA,STD,aaa9d21bf16c8a7f.png,ORANGE,4.0~,7.8,11.2,13.8,
FUJIN Rumble,STD,c023c6efc6447818.png,ORANGE,5.0~,8.6,11.9,14.5,
きたさいたま2000,STD,8c567d50c8522006.png,ORANGE,5.0~,8.6,13.3,14.2,
FLOWER,STD,c155d89c7d8ca001.png,ORANGE,6.0~,8.3,11.9,13.9,14.2
Got more raves？,STD,c1dd57e2618609f3.png,ORANGE,6.0~,8.8,12.8,14.1,
不毛！,STD,548131ddb354349f.png,ORANGE,3.0~,8.1,10.1,12.7,
デッドレッドガールズ,STD,3f2e914b4c289b9f.png,ORANGE PLUS,4.0~,8.6,10.9,13.8,
赤心性：カマトト荒療治,STD,8d5a0bee619f9c22.png,ORANGE PLUS,5.0~,7.8,9.9,13.7,
悪戯,STD,32be3820034e98ed.png,ORANGE PLUS,5.0~,7.2,10.4,12.9,
響縁,STD,8a92c33de72a570b.png,ORANGE PLUS,5.0~,6.8,9.7,13.0,
響縁,DX,8a92c33de72a570b.png,FESTiVAL,2.0,7.2,10.5,13.4,
LOL -lots of laugh-,STD,ab3dac28c71a002a.png,PiNK,4.0~,7.0,10.6,12.7,
クローバー♣クラブ,STD,19e255052dee271e.png,ORANGE PLUS,4.0~,7.0,9.7,13.3,
妄想税,STD,0f654cf3227cd7e9.png,ORANGE PLUS,5.0~,7.3,10.7,12.0,
どういうことなの！？,STD,4dc45b9cd4796d4e.png,ORANGE PLUS,5.0~,8.0,11.3,13.4,
初音ミクの消失,STD,1a02c2684d829331.png,PiNK,6.0~,8.8,11.8,13.9,
初音ミクの消失,DX,1a02c2684d829331.png,BUDDiES,6.0,8.0,12.0,14.5,
イノコリ先生,STD,63fb1212d0b7cc6c.png,PiNK,4.0~,7.5,9.9,12.7,
キャプテン・ムラサのケツアンカー,STD,dc279f21432d1438.png,ORANGE PLUS,6.0~,7.4,11.5,13.4,
若い力 -SEGA HARD GIRLS MIX-,STD,1ddd109f16985b8a.png,ORANGE PLUS,5.0~,7.1,10.0,12.7,12.7
ウミユリ海底譚,STD,e2047e2898d1bc8c.png,ORANGE PLUS,4.0~,7.5,9.7,13.4,
welcome to maimai!! with マイマイマー,STD,3671233295ca7a09.png,ORANGE PLUS,6.0~,8.0,9.9,12.9,
ストリーミングハート,STD,5cfa9f0661807944.png,ORANGE PLUS,3.0~,8.0,10.7,13.3,
Change Our MIRAI！,STD,568e34031762aaf8.png,ORANGE PLUS,4.0~,8.0,11.0,13.4,
Change Our MIRAI！,DX,568e34031762aaf8.png,maimaiでらっくす,4.0,7.7,10.8,12.6,
Aiolos,STD,3982693e19e7ee22.png,ORANGE PLUS,6.0~,8.8,12.7,14.3,
LANCE,STD,13a02896f41941ef.png,ORANGE PLUS,5.0~,8.7,11.7,13.8,
LANCE,DX,13a02896f41941ef.png,PRiSM,4.0,7.8,11.0,13.9,
橙の幻想郷音頭,STD,6cd2106c57409da0.png,PiNK,5.0~,7.0,11.0,13.3,
東方妖々夢 ～the maximum moving about～,STD,a4614df54b44afe8.png,PiNK,6.0~,8.3,9.9,13.3,
蒼空に舞え、墨染の桜,STD,f2d9a99276c52c7b.png,PiNK,6.0~,7.2,11.0,13.4,
少女幻葬戦慄曲 ～ Necro Fantasia,STD,429ffeb7adc6ce8f.png,PiNK,6.0~,8.2,10.8,13.9,
Contrapasso -paradiso-,STD,d2de6981019288a0.png,PiNK PLUS,6.0~,9.5,13.0,14.4,
幸せになれる隠しコマンドがあるらしい,STD,a1da6a4bdebaf419.png,MURASAKi PLUS,6.0~,9.3,12.7,14.0,
フラグメンツ -T.V. maimai edit-,STD,abd76d54db0d5c92.png,PiNK,4.0~,6.6,9.9,12.8,
願いを呼ぶ季節,STD,ee70905d359ecf78.png,PiNK,4.0~,7.3,10.4,12.5,
Yet Another ”drizzly rain”,STD,1bf3d25cad5ca3f1.png,ORANGE PLUS,4.0~,7.6,10.4,12.6,
四次元跳躍機関,STD,8a064a44f10b8684.png,ORANGE PLUS,3.0~,7.0,10.8,13.4,
最終鬼畜妹・一部声,STD,1f5a7a553d6dd749.png,ORANGE PLUS,6.0~,8.3,11.9,13.9,
GEMINI -M-,STD,2b27ffdc25ce0e9c.png,PiNK,7.0~,7.8,11.9,13.9,
+♂,STD,a565687e7a656aab.png,PiNK,5.0~,8.3,10.6,13.4,
ありふれたせかいせいふく,STD,dc8f146a69069b71.png,PiNK,5.0~,7.6,9.9,13.6,
すろぉもぉしょん,STD,b9e7a37cc0f8c2c7.png,PiNK,4.0~,7.3,9.7,12.7,
頓珍漢の宴,STD,a6c3b1d13b0731e7.png,PiNK,5.0~,8.7,11.7,13.8,
Garden Of The Dragon,STD,31a6e74fc82a0af4.png,PiNK,2.0~,7.0,11.9,13.5,
After Burner,STD,aab5ca295b9d0369.png,PiNK,6.0~,8.6,11.8,13.7,
Counselor,STD,21a91e5c9a5da58a.png,PiNK,4.0~,7.8,10.7,12.4,
Glorious Crown,STD,0c142b42f0e37845.png,PiNK,7.0~,10.5,13.2,14.8,
言ノ葉遊戯,STD,e5ad9385a78a241c.png,PiNK,4.0~,7.8,10.9,12.7,
りばーぶ,STD,b7dac386e1eddb42.png,PiNK,3.0~,7.0,9.9,11.4,
幾四音-Ixion-,STD,29c274b873d3b212.png,PiNK,5.0~,8.6,10.8,13.3,
閃鋼のブリューナク,STD,a53a18178b2d9ea7.png,PiNK,5.0~,8.8,11.8,13.9,
無敵We are one!!,STD,b44a992aeb6ad9e7.png,PiNK PLUS,5.0~,8.6,10.1,13.7,
7thSense,STD,fb042d053168ef56.png,PiNK,6.0~,8.8,11.8,14.4,
FEEL the BEATS,STD,aeebc3dec7433096.png,PiNK,5.0~,8.6,11.6,13.6,13.9
Revive The Rave,STD,b24578a4495292cf.png,PiNK,6.0~,8.8,12.7,13.8,14.4
スリップフリップ,STD,cae6cc3ea0d93a64.png,PiNK,4.0~,8.3,10.7,13.8,
Jimang Shot,STD,50b8ca28805478d2.png,PiNK,6.0~,7.6,10.6,13.3,
儚きもの人間,STD,ed01651bd9b88e55.png,PiNK PLUS,5.0~,8.5,10.9,13.8,
ラブリー☆えんじぇる!!,STD,8e9e55fcd3e6528a.png,PiNK,5.0~,7.3,10.1,12.5,
オモイヨシノ,STD,1daa4ab6b25d66ca.png,PiNK,4.0~,7.8,10.8,13.3,
アージェントシンメトリー,STD,4f526bd3f2d19ef2.png,PiNK,5.0~,7.2,10.9,13.5,14.0
厨病激発ボーイ,STD,a8b3a09aa2ce4d4f.png,PiNK,6.0~,8.2,10.9,13.8,
HIMITSUスパーク,STD,97bcee55165daa06.png,PiNK,5.0~,7.6,10.1,13.2,
Party 4U ”holy nite mix”,STD,465d916c705e0813.png,PiNK,4.0~,7.8,11.8,13.7,
囲い無き世は一期の月影,STD,9bb62e82ab7f8e14.png,PiNK,5.0~,8.0,10.7,12.6,
Lividi,STD,f614f3c776a56c88.png,MURASAKi,5.0~,9.6,13.2,14.1,
Infantoon Fantasy,STD,9bcb0c4d4dc8657b.png,PiNK PLUS,6.0~,8.6,10.8,13.8,
Jumble Rumble,STD,cf0f60c2aa35ac13.png,PiNK PLUS,6.0~,8.8,12.9,14.0,
Imitation:Loud Lounge,STD,f68e98cac90bcdf5.png,MURASAKi,5.0~,7.8,12.8,13.4,
Imitation:Loud Lounge,DX,f68e98cac90bcdf5.png,PRiSM,3.0,7.5,11.8,13.9,
CITRUS MONSTER,STD,2d53766d4a3020c0.png,PiNK PLUS,7.0~,9.3,12.9,14.5,
Hyper Active,STD,67e3a3c032727be5.png,PiNK PLUS,6.0~,9.1,13.2,13.9,
AMAZING MIGHTYYYY!!!!,STD,b642cd32bc38692a.png,PiNK PLUS,7.6~,9.8,13.6,14.7,14.5
fake!fake!,STD,1f617d599ada17e4.png,PiNK PLUS,4.0~,7.8,10.1,12.9,
セハガガガンバッちゃう！！,STD,d5648519628a2a37.png,PiNK PLUS,6.0~,8.1,11.5,13.3,
キミノヨゾラ哨戒班,STD,356f3d261ce84763.png,PiNK PLUS,5.0~,7.8,10.8,13.0,
恋愛裁判,STD,3dc5138216e086fe.png,PiNK PLUS,4.0~,7.1,10.0,11.8,
Just Be Friends,STD,d471ee26083d3ca4.png,MURASAKi,4.0~,7.8,10.7,12.8,
パーフェクト生命,STD,56d88be25a7e2340.png,PiNK PLUS,6.0~,8.1,10.1,13.4,
StargazeR,STD,5a1892ce8c415ca5.png,MURASAKi,5.0~,7.6,10.8,12.7,
だんだん早くなる,STD,39044dca657c1f90.png,MURASAKi,3.0~,8.3,10.4,12.0,12.7
ヘルシーエンド,STD,74d3b31d6375a517.png,MURASAKi PLUS,4.0~,7.8,11.1,12.9,
クノイチでも恋がしたい,STD,494f4f30f8cce098.png,PiNK PLUS,6.0~,7.9,11.0,13.4,
ココロ,STD,279a1fad56725f40.png,MURASAKi,3.0~,7.3,9.9,12.5,
東京リアルワールド,STD,a4c576aec0c3897c.png,PiNK PLUS,5.0~,7.5,9.4,10.8,
やめろ！聴くな！,STD,bae2c3c40c380969.png,PiNK PLUS,6.0~,7.9,10.1,13.3,
ゆっくりしていってね！！！,STD,5a6e3ac6fa418c08.png,MURASAKi,5.0~,8.3,11.7,13.6,
木彫り鯰と右肩ゾンビ,STD,caa90ebabef5e041.png,PiNK PLUS,6.0~,8.1,10.8,13.6,
ECHO,STD,c388ac7580206d1c.png,PiNK PLUS,4.0~,7.6,11.3,13.5,
しんでしまうとはなさけない！,STD,5d42e5e648761003.png,PiNK PLUS,6.0~,7.8,10.1,12.9,
Hand in Hand,STD,687a2e2257afd36e.png,PiNK PLUS,4.0~,6.8,10.5,12.8,
ブリキノダンス,STD,82671f95d0466cde.png,MiLK PLUS,5.0~,7.8,10.9,12.5,13.4
brilliant better,STD,e5c586fc9166114d.png,PiNK PLUS,5.0~,7.5,11.7,13.3,
ハート・ビート,STD,955f6569cc70f255.png,PiNK PLUS,6.0~,8.3,10.8,13.4,
Invitation,STD,56a0ece26eb25daa.png,PiNK PLUS,4.0~,7.6,9.9,13.0,
connecting with you,STD,731371df3ac09a9c.png,PiNK PLUS,4.0~,8.2,10.8,13.2,
高気圧ねこロック,STD,91e7bba0add6385c.png,PiNK PLUS,6.0~,8.8,11.7,13.8,
Prophesy One,STD,b1db65900e40e9b0.png,PiNK PLUS,7.6~,9.3,12.4,14.6,
洗脳,STD,29eb81a88a8533ec.png,PiNK PLUS,4.0~,7.1,10.7,12.4,12.9
Barbed Eye,STD,a6f20b5214b80a25.png,PiNK PLUS,5.0~,7.6,10.8,13.0,
Nitrous Fury,STD,bf49149f0461dc43.png,PiNK PLUS,6.0~,8.5,12.0,14.0,
色は匂へど散りぬるを,STD,196e63bd095d25da.png,MURASAKi,4.0~,7.6,9.8,12.5,
色は匂へど散りぬるを,DX,196e63bd095d25da.png,BUDDiES,3.0,6.5,9.0,12.7,
月に叢雲華に風,STD,f9f5c93325ed2b1d.png,PiNK PLUS,4.0~,7.3,10.0,13.2,
月に叢雲華に風,DX,f9f5c93325ed2b1d.png,maimaiでらっくす,2.0,6.8,9.4,12.6,
No Routine,STD,46bac269db259dfe.png,PiNK PLUS,6.0~,7.3,11.0,13.4,
ひれ伏せ愚民どもっ！,STD,75858ef4dd890365.png,PiNK PLUS,5.0~,7.8,10.7,13.3,
エテルニタス・ルドロジー,STD,1cbcb0782170f442.png,PiNK PLUS,5.0~,7.6,11.3,13.7,
泡沫、哀のまほろば,STD,1ad46c5221faa3a0.png,MiLK,4.0~,7.5,10.2,12.5,
華鳥風月,STD,e1a5916bfb31fa3b.png,MURASAKi PLUS,2.0~,6.6,9.7,12.8,
METATRON,STD,1a95ad12ccd7eb13.png,PiNK PLUS,6.0~,8.8,12.8,14.1,
終わりなき物語,STD,31100adb0987e724.png,PiNK PLUS,5.0~,7.6,10.9,12.7,
フォルテシモBELL,STD,77147226172792be.png,MURASAKi,3.0~,6.9,9.5,12.6,
私の中の幻想的世界観及びその顕現を想起させたある現実での出来事に関する一考察,STD,6dbd33c084c790e2.png,MURASAKi,6.0~,7.5,9.9,13.4,
DETARAME ROCK&ROLL THEORY,STD,d3a429e38da60e5a.png,MURASAKi,5.0~,8.4,11.0,13.8,
ゴーストルール,STD,1c389ba08db6c6f4.png,MURASAKi,5.0~,8.5,10.9,13.2,
ゴーストルール,DX,1c389ba08db6c6f4.png,UNiVERSE,3.0,7.8,9.8,13.2,
チュルリラ・チュルリラ・ダッダッダ！,STD,e500e033148d33c1.png,MURASAKi,6.0~,8.0,11.0,13.3,
GOODMEN,STD,72ed93432617d0dc.png,MURASAKi,6.0~,8.1,11.7,13.4,
夜明けまであと３秒,STD,da71e058b62ac120.png,MURASAKi,6.0~,9.3,13.1,14.0,
Last Brave ～ Go to zero,STD,c86fa66b7e7641aa.png,MURASAKi,5.0~,8.0,11.8,13.8,
STAIRWAY TO GENERATION,STD,c8f5ebca97ac99ee.png,MURASAKi,6.0~,7.8,11.6,13.7,
空威張りビヘイビア,STD,aaf8fe426178b1cf.png,MURASAKi,6.0~,8.1,10.8,13.7,
回レ！雪月花,STD,b20d370701258bd3.png,MURASAKi,5.0~,8.0,10.7,13.3,
回レ！雪月花,DX,b20d370701258bd3.png,maimaiでらっくす,3.0,7.0,10.0,12.5,
いっしそう電☆舞舞神拳！,STD,4bbae54dd05376fd.png,MURASAKi,6.0~,8.6,11.5,13.7,
ENJOY POLIS,STD,b20f7689f45f7fd2.png,FiNALE,5.0~,8.2,10.7,12.9,
生きてるおばけは生きている,STD,e7d7afbbef397731.png,MURASAKi,5.0~,7.3,11.0,13.3,
天火明命,STD,44a824b696e80c18.png,MURASAKi,6.0~,9.7,13.3,14.0,
HERA,STD,dee5503743aec8dc.png,MURASAKi,6.0~,9.3,12.9,14.3,
分からない,STD,d8bcd053f3741728.png,MURASAKi,4.0~,8.5,11.7,14.0,
Our Wrenally,STD,cde51cc89f91dd8a.png,MURASAKi,6.0~,9.8,13.0,14.8,
Scream out! -maimai SONIC WASHER Edit-,STD,449641589ac0c22f.png,MURASAKi,5.0~,8.6,12.7,13.9,
Scream out! -maimai SONIC WASHER Edit-,DX,449641589ac0c22f.png,maimaiでらっくす,3.0,7.0,11.2,13.5,
四月の雨,STD,2894412cc7a3cf4e.png,MURASAKi,3.0~,8.6,12.5,13.9,
Selector,STD,677bde96e3495e92.png,MURASAKi,5.0~,7.8,11.9,13.8,
Selector,DX,677bde96e3495e92.png,FESTiVAL PLUS,3.0,6.5,11.0,13.9,
ドキドキDREAM!!!,STD,183c72809f3e8984.png,MURASAKi,5.0~,8.7,11.7,13.2,
ポップミュージックは僕のもの,STD,6bf1a016f52071cd.png,MURASAKi,4.0~,7.0,9.9,12.5,
吉原ラメント,STD,f996e3e62d932b50.png,MURASAKi,4.0~,8.5,11.8,13.8,
ねぇ、壊れタ人形ハ何処へ棄テらレるノ？,STD,b683efde84f7858e.png,MURASAKi,6.0~,9.3,13.0,14.5,
幽闇に目醒めしは,STD,c690f3e32313557e.png,MURASAKi,4.0~,6.8,11.2,13.3,
Starlight Vision,STD,783405c8be2fcaa6.png,MURASAKi,3.0~,7.8,11.6,12.7,
Club Ibuki in Break All,STD,546a5795b5e3d922.png,MURASAKi,5.0~,8.3,11.2,13.3,
Phantasm Brigade,STD,77d6fd3a8d00326a.png,MURASAKi,5.0~,8.2,11.7,13.4,
永遠のメロディ,STD,6556acb6606f5950.png,MiLK,6.0~,7.3,10.5,12.5,
白ゆき,STD,c30ff16ab6a5e636.png,MURASAKi PLUS,5.0~,8.2,11.7,13.4,
Panopticon,STD,daac7472da31196b.png,MURASAKi,5.0~,9.5,12.9,14.4,14.3
Sakura Fubuki,STD,4eb6421febba913f.png,MURASAKi,5.0~,8.3,12.2,13.9,
conflict,STD,a276e29d2cfb99f3.png,MURASAKi,5.0~,8.0,12.7,14.2,
conflict,DX,a276e29d2cfb99f3.png,maimaiでらっくす,3.0,8.2,11.4,13.5,
すーぱーぬこになりたい,STD,d2441b78d4fb5ffc.png,MURASAKi,6.0~,8.3,10.8,13.7,
踊れオーケストラ,STD,6fdaa71c47264392.png,MURASAKi,5.0~,7.2,9.9,12.0,
きらっせ☆ウッド村ファーム,STD,687032cff68a9090.png,MURASAKi,6.0~,8.1,10.1,12.7,
taboo tears you up,STD,e108675f2aab8a85.png,MURASAKi,6.0~,8.2,11.3,13.4,
taboo tears you up,DX,e108675f2aab8a85.png,UNiVERSE,3.0,7.8,10.8,14.0,
その群青が愛しかったようだった,STD,ff32415983cc3c98.png,MURASAKi,5.0~,7.8,11.0,12.7,
The wheel to the right,STD,9f01a2ef6b665b53.png,MURASAKi,7.0~,8.9,13.3,14.0,
リンカーネイション,STD,dbdf6a51040a06b2.png,MURASAKi PLUS,5.0~,8.2,11.3,13.8,
宿題が終わらないっ！,STD,995ad36b4a7f07e4.png,MURASAKi PLUS,5.0~,7.6,10.6,12.9,
GO BACK 2 YOUR RAVE,STD,0909a6b99f3ad4b6.png,MURASAKi PLUS,5.0~,8.5,12.3,13.9,
天国と地獄 -言ノ葉リンネ-,STD,375dd6a3094c9d00.png,MURASAKi PLUS,4.0~,7.6,11.7,13.3,
夢花火,STD,b63d151f8c3db8ad.png,MURASAKi PLUS,6.0~,8.5,11.5,13.7,
オトヒメモリー☆ウタゲーション,STD,c20ee423d01b854a.png,MURASAKi PLUS,5.0~,7.8,11.7,12.9,
ラブチーノ,STD,1e713165e806d9d6.png,MURASAKi PLUS,4.0~,7.3,9.9,11.9,
東京レトロ,STD,60f44695106794c9.png,MURASAKi PLUS,4.0~,7.0,9.8,11.6,
ARROW,STD,131b1873d71a6baa.png,MURASAKi PLUS,4.0~,7.6,12.1,13.3,
バッド・ダンス・ホール,STD,9dfd23eb9143196f.png,MURASAKi PLUS,5.0~,7.5,11.6,13.4,
KISS CANDY FLAVOR,STD,0ea91dd121493ccc.png,MURASAKi PLUS,4.0~,8.3,11.3,13.4,
Maxi,STD,5cb01ca719a56bb5.png,MURASAKi PLUS,6.0~,9.3,12.8,14.0,
Maxi,DX,5cb01ca719a56bb5.png,FESTiVAL,5.0,8.0,11.9,13.8,
相思創愛,STD,1f70c4073aab967b.png,MURASAKi PLUS,6.0~,8.6,11.4,13.5,
心象蜃気楼,STD,ccc9404a0c153536.png,MURASAKi PLUS,5.0~,7.8,11.0,13.4,
光線チューニング,STD,2bb91ea78a0f5f9c.png,MURASAKi PLUS,6.0~,8.0,11.7,13.7,
Limit Break,STD,89183dee05c31701.png,MURASAKi PLUS,6.0~,8.3,11.5,13.4,13.7
曖昧mind,STD,70e127f45fbd2ed9.png,MURASAKi PLUS,5.0~,8.6,11.8,13.4,
KING is BACK!!,STD,f051590fb4cf9e96.png,MURASAKi PLUS,6.0~,8.8,11.9,13.9,
Ultranova,STD,8d5c2f19a804346a.png,MURASAKi PLUS,6.0~,8.6,12.9,14.0,
GET!! 夢&DREAM,STD,f1c9303898fd2ad8.png,MURASAKi PLUS,4.0~,7.8,9.8,12.4,
日本の米は世界一,STD,22489a6a6859ac30.png,MURASAKi PLUS,4.0~,7.5,10.7,13.3,
ないせんのうた,STD,d6ef4f59f4072867.png,MURASAKi PLUS,5.0~,6.8,10.8,12.7,
Starlight Dance Floor,STD,691d2f0910d8750d.png,MURASAKi PLUS,4.0~,7.6,10.2,12.5,
妖精村の月誕祭 ～Lunate Elf,STD,1a6809509ac644e8.png,MURASAKi PLUS,4.0~,7.3,10.5,13.3,
Calamity Fortune,STD,f909efa99e6ff90b.png,MURASAKi PLUS,7.0~,9.3,12.9,14.2,
Calamity Fortune,DX,f909efa99e6ff90b.png,maimaiでらっくす,4.0,8.5,11.4,13.6,
Justified,STD,4e33f9f34a93e2d6.png,MiLK,5.0~,9.0,12.9,14.0,
Excalibur ～Revived resolution～,STD,75d7dea600e4b298.png,MiLK,5.0~,10.3,13.0,14.8,
エイリアンエイリアン,STD,30b9a835ccb9b302.png,MURASAKi PLUS,4.0~,8.0,10.0,12.8,
My Dearest Song,STD,a5661a71bd73d723.png,MURASAKi PLUS,5.0~,8.3,11.8,13.3,
猛進ソリストライフ！,STD,67d27c21708cd402.png,MURASAKi PLUS,7.0~,9.5,12.6,13.7,
Let's Go Away,STD,7f3394dea112af97.png,MiLK PLUS,4.0~,7.8,10.9,12.8,
真・ハンサム体操でズンドコホイ,STD,34e32d0a43e43931.png,MURASAKi PLUS,5.0~,7.0,10.2,13.4,
フラジール,STD,91a0a24f380f5bd0.png,MURASAKi PLUS,5.0~,7.8,9.8,12.8,
オーディエンスを沸かす程度の能力 feat.タイツォン,STD,b0cfe0f457175464.png,MURASAKi PLUS,4.0~,8.0,10.6,13.7,
人里に下ったアタイがいつの間にか社畜になっていた件,STD,67e1ffddfdbf6220.png,MURASAKi PLUS,5.0~,9.0,13.2,14.0,
ギリギリ最強あいまいみー！,STD,d47f5e72b2b0fb78.png,MiLK,5.0~,8.0,10.9,13.7,
ちがう!!!,STD,234bfeb1c7aff4d4.png,MURASAKi PLUS,5.0~,8.0,10.9,13.4,
Moon of Noon,STD,60d856b88ea0f2b3.png,MURASAKi PLUS,7.0~,9.0,13.1,14.4,
チルノのパーフェクトさんすう教室　⑨周年バージョン,STD,d5ff46836f80157d.png,MURASAKi PLUS,5.0~,7.8,10.8,13.4,
チルノのパーフェクトさんすう教室　⑨周年バージョン,DX,d5ff46836f80157d.png,maimaiでらっくす,3.0,7.0,9.4,12.8,
デスパレイト,STD,c2b3175e6891f561.png,MURASAKi PLUS,5.0~,8.6,11.9,13.9,
ようこそジャパリパークへ,STD,ae75c7c94be11299.png,MiLK,5.0~,7.6,9.9,12.5,12.9
ようこそジャパリパークへ,DX,ae75c7c94be11299.png,maimaiでらっくす,4.0,7.0,9.2,11.9,
ドーナツホール,STD,98a835418650545d.png,MiLK,5.0~,7.6,11.9,13.6,
MilK,STD,2c97ebe8a5939be3.png,MiLK,5.0~,7.3,12.6,13.8,
咲キ誇レ常世ノ華,STD,f3a23375b79c2a8c.png,MiLK,5.0~,8.0,11.8,13.5,
Magical Flavor,STD,c8caa99931db189d.png,MiLK,3.0~,8.3,10.6,13.3,
白い雪のプリンセスは,STD,59ed8f01d94a9ea5.png,MiLK,6.0~,8.0,11.7,12.9,
好き！雪！本気マジック,STD,3441d9d72badccd7.png,MiLK,4.0~,7.3,11.0,12.5,
スターナイトスノウ,STD,f83daefdc8e0794c.png,MiLK,5.0~,7.2,10.5,11.5,
Candy Tall Woman,STD,55fb88b702a08667.png,MiLK,6.0~,7.8,11.8,13.8,
Signature,STD,066036caeabc8d02.png,MiLK,4.0~,8.6,12.4,13.5,
人生リセットボタン,STD,a54d2e008abd16e8.png,MiLK,6.0~,8.6,11.9,13.8,
しねばいいのに,STD,876172e4c4979c78.png,MiLK,3.0~,7.0,10.2,13.0,
もうみんなしねばいいのに,STD,0efa58724b907097.png,MiLK,5.0~,8.1,12.7,14.0,
共感覚おばけ,STD,5f3e8e0ffeaf0312.png,MiLK,5.0~,7.2,10.9,13.2,
麒麟,STD,88185a61da17d947.png,MiLK,7.0~,9.5,13.0,14.1,
Credits,STD,2204bfb20e3e2e1d.png,MiLK,5.0~,9.0,13.3,14.6,
ダンスロボットダンス,STD,dfd85cc1f0611a87.png,MiLK,6.0~,8.0,11.5,13.3,
ダンスロボットダンス,DX,dfd85cc1f0611a87.png,Splash,3.0,7.5,9.2,12.7,
アルカリレットウセイ,STD,b337c736e69b8f8a.png,MiLK,6.0~,7.3,10.8,12.7,
ドクハク,STD,4fa10a454644291e.png,MiLK,5.0~,7.5,10.6,13.4,
キレキャリオン,STD,c0c293f4eef1087e.png,MiLK,6.0~,7.0,10.4,13.1,
猫祭り,STD,0ae6e1de73fd6d84.png,MiLK,4.0~,8.5,11.8,13.4,
TRUST,STD,29d12992cfd1d731.png,MiLK,6.0~,7.8,11.4,13.1,
Still,STD,18b14187eb4df723.png,MiLK,5.0~,7.6,11.2,13.4,
fantastic dreamer,STD,313094677ecdad73.png,MiLK,5.0~,7.5,10.2,12.5,
天狗の落とし文 feat. ｙｔｒ,STD,c095520ef94c76bb.png,MiLK,5.0~,7.6,11.8,12.8,
天狗の落とし文 feat. ｙｔｒ,DX,c095520ef94c76bb.png,PRiSM,3.0,7.5,10.2,13.7,
疾走あんさんぶる,STD,4ae8a044a75d8432.png,MiLK,6.0~,8.6,11.7,13.7,
Doll Judgment,STD,a4afb1a17068919e.png,MiLK,5.0~,8.6,12.1,13.8,
WARNING×WARNING×WARNING,STD,5f7dd24b13d5ff1d.png,MiLK,6.0~,7.8,10.8,12.6,
WARNING×WARNING×WARNING,DX,5f7dd24b13d5ff1d.png,maimaiでらっくす,3.0,7.5,9.8,11.9,
SPILL OVER COLORS,STD,ef8dd39a0468c359.png,MiLK,4.0~,8.5,11.8,13.3,13.4
Mare Maris,STD,1e9af41f9bc2d931.png,MiLK,5.0~,9.3,12.5,13.9,
シャルル,STD,3d6ae19fff511a61.png,MiLK,5.0~,7.0,9.8,12.9,
シャルル,DX,3d6ae19fff511a61.png,maimaiでらっくす,3.0,6.0,9.2,11.2,
フリィダム ロリィタ,STD,b5a075c27659db38.png,MiLK,5.0~,7.3,10.0,12.6,
バレリーコ,STD,30bb41cdf66ce0e1.png,MiLK,5.0~,7.3,10.7,12.6,
アウターサイエンス,STD,b0ce56a34d3e72dc.png,MiLK,5.0~,8.0,12.7,13.3,
REVIVER オルタンシア・サーガ -蒼の騎士団- オリジナルVer.,STD,45328a042d519dd8.png,MiLK,5.0~,8.0,10.9,13.7,
拝啓ドッペルゲンガー,STD,0298532f0508465a.png,MiLK,5.0~,8.5,12.6,13.8,
ミラクル・ショッピング,STD,010ead93b41724f0.png,MiLK,5.0~,7.0,10.8,12.7,
Kinda Way,STD,f38af721d7001037.png,MiLK,4.0~,8.6,11.8,12.9,
ラブって♡ジュエリー♪えんじぇる☆ブレイク！！,STD,5c4d01f3689634af.png,FiNALE,6.0~,8.5,11.8,13.2,
エンドマークに希望と涙を添えて,STD,944deaf220b28eb0.png,MiLK,6.0~,9.6,12.7,14.3,
ナンセンス文学,STD,c1b5c8e26e70f996.png,MiLK,5.0~,7.8,11.7,13.6,
Bang Babang Bang!!!,STD,6c4cab82f1f939e3.png,MiLK,5.0~,8.5,11.6,13.2,
Tic Tac DREAMIN’,STD,d56c49d39bfaa08e.png,MiLK,4.0~,7.3,9.3,12.1,
SPICY SWINGY STYLE,STD,951119807b389163.png,MiLK,5.0~,8.6,11.8,13.4,
砂の惑星 feat. HATSUNE MIKU,STD,d9da71418f642af6.png,MiLK,2.0~,7.6,10.7,13.3,
アンノウン・マザーグース,STD,5140f70bbc88cc99.png,MiLK,3.0~,7.5,11.1,13.3,
妄想感傷代償連盟,STD,ba246e30c720cb39.png,MiLK PLUS,3.0~,7.0,9.8,11.4,13.2
LOVE EAST,STD,7fac18263d456630.png,MiLK PLUS,5.0~,7.3,10.8,12.8,
Fist Bump,STD,0472103fd50f1f67.png,MiLK PLUS,5.0~,8.5,11.4,12.9,
ENERGY SYNERGY MATRIX,STD,ad29b9d9b5fe0220.png,MiLK PLUS,6.0~,7.8,13.0,13.9,
ENERGY SYNERGY MATRIX,DX,ad29b9d9b5fe0220.png,maimaiでらっくす,4.0,8.0,11.4,13.5,
Session High⤴,STD,e5e9134fbae3c1da.png,MiLK PLUS,6.0~,7.6,10.6,12.8,
World Vanquisher,STD,efeba3263a928f3f.png,MiLK PLUS,6.0~,9.6,12.8,14.3,
FestivaLight,STD,0eb09893faf14e98.png,MiLK PLUS,4.0~,8.0,10.6,13.4,
Brain Power,STD,44ba46289dba1e84.png,MiLK PLUS,5.0~,8.7,11.8,13.4,
進め！イッスン軍団 -Rebellion of the Dwarfs-,STD,a777fcae8d83364f.png,MiLK PLUS,6.0~,8.5,11.3,13.7,
ULTRA B+K,STD,e3c0402ef104b11f.png,MiLK PLUS,6.0~,8.6,11.9,13.9,
インビジブル,STD,81e682b1c94a1a56.png,MiLK PLUS,6.0~,8.0,11.5,12.3,13.7
彗星ハネムーン,STD,c3e9be8d22de76f7.png,MiLK PLUS,4.0~,7.3,10.5,12.5,
keep hopping,STD,5844e4d9be870ea5.png,MiLK PLUS,6.0~,8.6,12.6,13.9,
larva,STD,f233a82bddb1a450.png,MiLK PLUS,7.0~,9.3,12.9,14.8,
えれくとりっく・えんじぇぅ,STD,555764fd6c1bc6a1.png,MiLK PLUS,5.0~,8.0,10.3,11.6,
ミラクルペイント,STD,b3726a84bdf79779.png,MiLK PLUS,5.0~,7.2,10.9,13.2,
初音ミクの激唱,STD,286115dc6007ad2a.png,MiLK PLUS,7.0~,8.8,12.4,14.5,
ガチャガチャきゅ～と・ふぃぎゅ@メイト,STD,b0db1882c9a7188e.png,FiNALE,6.0~,7.8,11.4,13.2,
true my heart -Lovable mix-,STD,25da97d32ca1c198.png,FiNALE,4.0~,7.0,10.3,12.5,
Rodeo Machine,STD,22be5d0f9ac31bf0.png,MiLK PLUS,3.0~,7.3,11.1,13.8,
CYBER Sparks,STD,cdbb2243b8abcdae.png,MiLK PLUS,4.0~,7.8,11.8,12.5,13.8
Xevel,STD,a1a92cb034053e70.png,MiLK PLUS,5.0~,8.8,12.9,14.3,
INFINITE WORLD,STD,59c2f22023c4e226.png,MiLK PLUS,5.0~,8.2,10.8,12.6,
サドマミホリック,STD,5345f0c108674525.png,MiLK PLUS,6.0~,8.6,11.6,12.5,13.3
Ragnarok,STD,94d6673eb9213df0.png,MiLK PLUS,7.0~,9.3,12.7,14.1,
このふざけた素晴らしき世界は、僕の為にある,STD,efc95cd2b5d40759.png,MiLK PLUS,4.0~,7.6,10.9,12.8,
このピアノでお前を8759632145回ぶん殴る,STD,02960e843e603fcc.png,MiLK PLUS,4.0~,8.3,11.2,13.4,
はやくそれになりたい！,STD,8bcd4e9515ccbeb9.png,MiLK PLUS,6.0~,8.0,10.8,11.9,13.2
フィクサー,STD,04e1ae9bd03cd769.png,MiLK PLUS,4.0~,7.6,10.3,13.3,
みんなの,STD,a0581a51ccfc471f.png,MiLK PLUS,5.0~,7.6,10.0,12.5,
アマノジャクリバース feat. ｙｔｒ,STD,3f2d512deca0579b.png,MiLK PLUS,5.0~,8.0,11.4,13.9,
進捗どうですか？,STD,b49c6f2f23bd544d.png,MiLK PLUS,6.0~,8.6,11.0,13.6,
"Help me, あーりん！",STD,c39780f8e0269d3b.png,MiLK PLUS,5.0~,7.8,10.7,12.6,
なるとなぎのパーフェクトロックンロール教室,STD,c5eadcbeeb116b70.png,MiLK PLUS,6.0~,7.8,11.1,13.7,
あねぺったん,STD,0d229b5aca55a1f1.png,MiLK PLUS,5.0~,8.2,10.8,13.3,
We Gonna Journey,STD,ae20f2fc90eb1da4.png,MiLK PLUS,7.0~,9.1,12.7,13.9,
FREEDOM DiVE (tpz Overcute Remix),STD,cd0737f073f7c32c.png,MiLK PLUS,7.0~,9.5,12.8,14.1,
SILENT BLUE,STD,b80623d7b2aceb77.png,MiLK PLUS,6.0~,8.8,12.8,14.8,
ジンギスカン,STD,6cd10cc6ae9af924.png,MiLK PLUS,4.0~,7.6,10.5,13.3,
にじよめちゃん体操第一億,STD,efde807a5f65e317.png,MiLK PLUS,4.0~,7.0,9.4,13.8,
花と、雪と、ドラムンベース。,STD,52e9a79b5e6a2ef5.png,MiLK PLUS,6.0~,8.8,12.7,14.3,13.8
Conquista Ciela,STD,874bdbc240420d33.png,MiLK PLUS,4.0~,7.6,9.8,12.7,
怒槌,STD,cd9b3af41756ab53.png,MiLK PLUS,7.0~,9.6,13.3,14.8,
Seyana. ～何でも言うことを聞いてくれるアカネチャン～,STD,ac704a32c62481ed.png,MiLK PLUS,4.0~,7.6,10.7,13.3,
おねがいダーリン,STD,ef6f1e317a56e61c.png,MiLK PLUS,5.0~,7.5,11.3,12.8,
My First Phone,STD,1c9958b5ebafff62.png,MiLK PLUS,6.0~,8.6,12.7,13.8,
ネ！コ！,STD,a46fc4437ca9cdb8.png,FiNALE,5.0~,7.8,10.6,12.9,
ロールプレイングゲーム,STD,e38ab7bc712135a3.png,FiNALE,5.0~,7.6,10.5,12.6,
ヒバナ,STD,6e8acabbb209b93e.png,FiNALE,5.0~,8.2,11.1,12.0,13.2
ロキ,STD,b5d48d0f260a213d.png,FiNALE,4.0~,8.0,10.9,11.8,13.3
Money Money,STD,4cd49bb6811afb1b.png,FiNALE,4.0~,7.3,10.8,13.2,
極圏,STD,1019619742a72b89.png,FiNALE,6.0~,9.5,12.9,14.4,
Scarlet Lance,STD,bd702cd7e2582905.png,FiNALE,6.0~,9.3,12.9,14.2,
セイクリッド　ルイン,STD,4f11befbc2464811.png,FiNALE,7.0~,9.6,12.6,13.9,
QZKago Requiem,STD,5c4531323f4aadcf.png,FiNALE,7.0~,10.7,13.0,14.8,14.9
EVERGREEN,STD,e969be670313581f.png,FiNALE,4.0~,7.8,11.9,13.5,
金の聖夜霜雪に朽ちて,STD,bb36b855eaa0662e.png,FiNALE,6.0~,8.6,11.7,13.4,
不思議の国のクリスマス,STD,e2a698778e071a7d.png,FiNALE,4.0~,6.6,9.8,13.3,
Schwarzschild,STD,2454ef7c65d00f77.png,FiNALE,7.0~,9.7,12.9,14.3,14.9
Magical Sound Shower,STD,6d2d8af2a09b4d64.png,FiNALE,5.0~,8.0,10.9,13.4,
片想いサンバ,STD,623b7aa1a96ec56d.png,FiNALE,5.0~,7.3,11.7,13.2,
ナイトメア☆パーティーナイト,STD,2ab3812cc612f648.png,FiNALE,5.0~,8.3,11.0,11.9,12.8
フキゲンワルツ,STD,f48719569780bec1.png,FiNALE,5.0~,7.8,10.4,13.2,
結ンデ開イテ羅刹ト骸,STD,f45c9659d4bbf662.png,FiNALE,5.0~,7.8,11.1,12.0,13.3
サウンド,STD,a2719927ea12703d.png,FiNALE,5.0~,7.0,9.5,12.5,
右肩の蝶,STD,2410c6787283c560.png,FiNALE,5.0~,7.3,11.4,13.1,
Alea jacta est!,STD,60d2b1b662ae5823.png,FiNALE,7.0~,9.6,12.9,14.4,14.8
L4TS:2018 (feat. あひる & KTA),STD,fed415912a10fec2.png,FiNALE,4.0~,7.8,11.9,13.3,
クレイジークレイジーダンサーズ,STD,f997429f623af964.png,FiNALE,5.0~,8.3,10.8,11.7,13.3
【東方ニコカラ】秘神マターラ feat.魂音泉【IOSYS】,STD,7976c89ece464bf4.png,FiNALE,5.0~,8.3,11.8,13.4,
隠然,STD,65352a3ac1e871e3.png,FiNALE,6.0~,8.6,11.5,12.5,13.4
White Traveling Girl,STD,f4e6668d9705ccac.png,FiNALE,4.0~,7.6,10.7,13.4,
FFT,STD,866ca42598db8c01.png,FiNALE,7.0~,9.5,12.7,14.0,14.5
-OutsideR:RequieM-,STD,05475986b3286e9f.png,FiNALE,4.0~,7.8,11.4,13.6,
イロトリドリのメロディ,STD,ca4960dbd930da85.png,FiNALE,3.0~,7.3,10.9,12.7,
奏者はただ背中と提琴で語るのみ,STD,7fcddaf80f12d906.png,FiNALE,7.0~,9.2,12.3,13.8,
雷切-RAIKIRI-,STD,be3cf43e80e9462e.png,FiNALE,7.0~,9.3,12.8,14.6,14.8
キミとボクのミライ,STD,5a0e4607f3215a7b.png,FiNALE,4.0~,7.8,10.5,11.2,12.7
Lost Princess,STD,83a4944cf2580f93.png,FiNALE,4.0~,7.2,10.5,11.3,12.5
敗北の少年,STD,8e9b0eff78428af6.png,FiNALE,5.0~,8.6,11.8,13.4,
立ち入り禁止,STD,e1eb6ad1e4e1345c.png,FiNALE,4.0~,7.6,11.7,12.1,13.8
命ばっかり,STD,26b88ffa81e99426.png,FiNALE,4.0~,7.6,10.0,12.7,
the EmpErroR,STD,e5a64880bc872e8b.png,FiNALE,5.0~,10.6,13.4,14.8,14.9
PANDORA PARADOXXX,STD,35b2760a42a8eebe.png,FiNALE,7.6~,11.5,13.9,14.9,15.0
Believe the Rainbow,STD,8cba62be80c4af2d.png,FiNALE,4.0~,8.6,10.2,13.4,
"Good Bye, Mr. Jack",STD,f6be8f89a455649e.png,FiNALE,4.0~,9.0,12.9,13.9,
Altale,STD,06dd9a1ba45f0fe6.png,FiNALE,4.0~,8.5,12.4,13.7,
最終鬼畜妹フランドール・S,STD,4c119eff1271156f.png,FiNALE,4.0~,7.8,11.5,12.1,13.7
ネクロファンタジア～Arr.Demetori,STD,78baafabacc06f69.png,FiNALE,4.0~,8.3,11.8,13.8,
Imperishable Night 2006 (2016 Refine),STD,af47757324957682.png,FiNALE,5.0~,8.6,12.3,13.8,
終点,STD,56c793d08494cafe.png,FiNALE,4.0~,8.5,12.4,13.7,
WORLD'S END UMBRELLA,STD,e0f1089623f573d3.png,FiNALE,4.0~,8.3,10.3,12.5,
End Time,STD,912135a524e81212.png,FiNALE,5.0~,9.3,12.8,14.7,
カラフル×メロディ,STD,a0426d8d73448e6a.png,FiNALE,5.0~,8.0,11.4,12.6,
魔法少女になるしかねぇ,STD,c0924efcbefbaf6c.png,FiNALE,5.0~,8.8,12.4,14.0,
Kattobi KEIKYU Rider,STD,4cf3cfda8bbdf523.png,FiNALE,7.0~,9.3,13.2,13.7,
B.M.S.,STD,c9840f2792da9a98.png,FiNALE,6.0~,8.8,12.6,14.2,
TiamaT:F minor,STD,272a82ac2151f9a2.png,FiNALE,7.0~,10.3,13.1,14.6,
前前前世,STD,d5d50489dcbcfd1f.png,MURASAKi PLUS,4.0~,7.0~,9.0~,13.0~,
Technicians High,STD,c4517515ab865372.png,UNiVERSE,4.0~,7.8,11.0,13.8,
Technicians High,DX,c4517515ab865372.png,maimaiでらっくす,5.0,8.2,11.6,13.4,
Destr0yer,STD,e930f73c462d8a84.png,UNiVERSE,4.0~,8.0,12.0,14.2,
Destr0yer,DX,e930f73c462d8a84.png,maimaiでらっくす,2.0,7.8,11.2,12.9,
サンバランド,STD,8d27eb1fd00caf9c.png,UNiVERSE PLUS,4.0~,7.0,11.0,13.2,
サンバランド,DX,8d27eb1fd00caf9c.png,maimaiでらっくす,3.0,7.0,11.0,12.8,
Halcyon,STD,4e2279e433710717.png,UNiVERSE PLUS,6.0~,8.8,12.5,14.3,
Halcyon,DX,4e2279e433710717.png,maimaiでらっくす,3.0,8.5,11.4,13.5,
VIIIbit Explorer,STD,511f76bc9e72ec56.png,FESTiVAL,6.0~,8.2,12.9,14.5,
VIIIbit Explorer,DX,511f76bc9e72ec56.png,Splash PLUS,6.0,8.5,13.0,14.7,
BLACK ROSE,DX,d780386f7cfd83ad.png,maimaiでらっくす,2.0~,6.5,9.7,12.2,
Secret Sleuth,DX,5ad3f5870e9aef1a.png,maimaiでらっくす,2.0~,7.0,10.8,13.3,13.8
でらっくmaimai♪てんてこまい!,DX,461917094fed4012.png,maimaiでらっくす,4.0~,7.7,10.3,12.7,
MAXRAGE,DX,0a0caa488ad79b61.png,maimaiでらっくす,5.0~,7.8,11.4,13.8,14.2
バーチャルダム　ネーション,DX,d95b9e9492d691ec.png,maimaiでらっくす,4.0~,8.0,10.8,13.6,14.4
P-qoq,DX,83b0d1eecad1ca6c.png,maimaiでらっくす,2.0~,7.0,10.5,13.2,
超常マイマイン,DX,70510086327c010b.png,maimaiでらっくす,3.0~,7.0,10.3,12.7,13.8
Crazy Circle,DX,38542e3373e20ae4.png,maimaiでらっくす,2.0~,6.8,9.3,12.6,
STEREOSCAPE,DX,66080b430db9b49c.png,maimaiでらっくす,3.0~,6.8,9.5,12.4,13.3
STARTLINER,DX,ed96c2a200c81d55.png,maimaiでらっくす,2.0~,6.2,9.1,11.8,12.3
♡マイマイマイラブ♡,DX,392f29c0cc1df489.png,maimaiでらっくす,4.0~,7.8,10.2,12.9,
一か罰,DX,1873c61115b01c98.png,maimaiでらっくす,5.0~,7.8,11.4,12.8,14.0
キリキリ舞Mine,DX,6ef94b83aa8b6213.png,maimaiでらっくす,4.0~,7.8,11.4,13.4,
福宿音屋魂音泉,DX,d460c9541b932e05.png,maimaiでらっくす,4.0~,7.2,10.8,13.0,
Now or Never,DX,611619306640df12.png,maimaiでらっくす,5.0~,7.5,10.5,13.5,14.1
Scarlet Wings,DX,0658c9340f90f5c8.png,maimaiでらっくす,4.0~,7.8,10.5,12.9,
魔ジョ狩リ,DX,571080deee3ca1df.png,maimaiでらっくす,5.0~,8.5,11.1,13.7,
TwisteD! XD,DX,ff21a1154316f6e7.png,maimaiでらっくす,4.0~,8.7,11.2,13.7,
Blows Up Everything,DX,6791fcbbde5a1056.png,maimaiでらっくす,5.0~,9.0,11.9,13.8,14.3
Agitation！,DX,4d22545493b5a4e0.png,maimaiでらっくす,5.0~,7.0,10.2,12.0,
管弦楽組曲 第3番 ニ長調「第2曲（G線上のアリア）」BWV.1068-2,DX,6dde61e843ceca00.png,maimaiでらっくす,5.0~,7.8,10.5,13.8,
TEmPTaTiON,DX,492c768653001e2a.png,maimaiでらっくす,6.0~,8.5,12.6,14.7,
アポカリプスに反逆の焔を焚べろ,DX,5b142977c87d85d1.png,maimaiでらっくす,7.0~,8.5,12.5,14.5,
玩具狂奏曲 -終焉-,DX,d8edddab9b63782a.png,maimaiでらっくす,5.0~,8.0,13.3,13.9,
Titania,DX,a6dce38910fd32d7.png,maimaiでらっくす,6.0~,8.0,12.5,14.6,
BOKUTO,DX,8be390a8118639f5.png,maimaiでらっくす,4.0~,7.5,11.2,13.4,
立川浄穢捕物帳,DX,d8ed15b9651c107c.png,maimaiでらっくす,4.0~,7.8,11.4,13.8,
CHOCOLATE BOMB!!!!,DX,9e15d61bf69877e4.png,maimaiでらっくす PLUS,4.0~,8.5,11.9,13.7,
METEOR,DX,9ddf0c60aef5895b.png,maimaiでらっくす,3.0~,7.0,9.5,12.4,
HOT LIMIT,DX,2f53230db95fda85.png,maimaiでらっくす,3.0~,6.0,9.4,12.0,
メルト,DX,b84d562faa4c7c0b.png,maimaiでらっくす,3.0~,6.0,8.8,11.8,
メルティランドナイトメア,DX,b245ac1c75a0acb9.png,maimaiでらっくす,2.0~,6.5,8.7,11.9,
アディショナルメモリー,DX,4845db8b27fd2f65.png,maimaiでらっくす,2.0~,6.8,9.9,12.5,
ナイト・オブ・ナイツ (Cranky Remix),DX,c0333c130db37fb5.png,maimaiでらっくす,4.0~,7.0,10.4,13.2,
Bad Apple!! feat.nomico (REDALiCE Remix),DX,ad00454bec47a605.png,maimaiでらっくす PLUS,3.0~,7.5,10.5,12.6,
Strobe♡Girl,DX,a8e14db93c0abf9c.png,maimaiでらっくす,2.0~,7.2,10.0,12.6,
グリーンライツ・セレナーデ,DX,95af1c4fc14eae36.png,maimaiでらっくす,3.0~,7.5,10.3,12.7,
デンパラダイム,DX,37b7f72f67a5d4ae.png,maimaiでらっくす,3.0~,7.9,11.7,13.3,
骸骨楽団とリリア,DX,a74fb1bfa112e7cb.png,maimaiでらっくす,3.0~,7.8,11.3,13.4,
星屑ユートピア,DX,84aeeb88068f829e.png,maimaiでらっくす,3.0~,7.5,10.8,12.7,
アマツキツネ,DX,49a37b23bf52f77f.png,maimaiでらっくす,2.0~,7.5,9.2,11.9,
"Little ""Sister"" Bitch",DX,02cab333c28ba150.png,maimaiでらっくす,4.0~,7.8,11.1,13.8,
Yakumo >>JOINT STRUGGLE (2019 Update),DX,6cdb7df223e91210.png,maimaiでらっくす,4.0~,7.8,11.1,13.9,
げきオコスティックファイナリアリティぷんぷんマスタースパーク,DX,a7db2231c9a36066.png,maimaiでらっくす,3.0~,7.5,10.2,12.8,
CocktaiL,DX,54189becb1c144d3.png,maimaiでらっくす,2.0~,6.5,9.0,12.7,
太陽系デスコ,DX,ab3c088d671ddab6.png,maimaiでらっくす,4.0~,6.7,9.7,12.0,
だからパンを焼いたんだ,DX,b4e4c2a261a15eb7.png,maimaiでらっくす,3.0~,6.5,9.3,12.0,
アカリがやってきたぞっ,DX,1809c99151f29827.png,maimaiでらっくす,3.0~,6.7,10.3,12.7,
プナイプナイせんそう,DX,dab28dc48ac2eef5.png,maimaiでらっくす,6.0~,8.5,11.8,13.8,
デビル☆アイドル,DX,8148ef129c27aadc.png,maimaiでらっくす,4.0~,7.0,9.7,12.7,
quiet room,DX,abe34235d9fb7db3.png,maimaiでらっくす,2.0~,6.2,8.8,12.5,
Jump!! Jump!! Jump!!,DX,e5cbb7f29dbf12dc.png,maimaiでらっくす,3.0~,7.5,9.5,12.0,
サヨナラチェーンソー,DX,e4af463b0c3c84de.png,maimaiでらっくす,4.0~,6.8,9.8,12.5,
イカサマライフゲイム,DX,ddb08097777c5683.png,maimaiでらっくす,4.0~,7.8,10.6,12.9,
だれかの心臓になれたなら,DX,274b280ee4f3f54d.png,maimaiでらっくす,3.0~,6.5,9.2,11.9,
幾望の月,DX,b40335c202898759.png,maimaiでらっくす,4.0~,7.7,10.7,12.8,
39みゅーじっく！,DX,6c4f705831befadd.png,maimaiでらっくす,3.0~,6.2,9.3,11.8,
STEEL TRANSONIC,DX,fac8d66129926589.png,maimaiでらっくす PLUS,6.0~,8.8,13.0,14.3,
Flashkick,DX,d84cebbe82687a4b.png,maimaiでらっくす PLUS,5.0~,7.9,11.2,13.2,
Stardust Memories,DX,869b30cfdcb643f7.png,maimaiでらっくす PLUS,4.0~,7.7,10.8,13.0,
My My My,DX,ef49d54bf76426a4.png,maimaiでらっくす PLUS,4.0~,7.8,11.0,13.7,
UniTas,DX,a7c4c1462f81284a.png,maimaiでらっくす PLUS,5.0~,8.5,11.8,14.4,
ここからはじまるプロローグ。,DX,c4360c3533c50d49.png,maimaiでらっくす PLUS,4.0~,7.8,10.7,13.4,
絡めトリック利己ライザー,DX,6e8cce3f2599eb13.png,maimaiでらっくす PLUS,4.0~,7.8,10.8,12.7,
モ°ルモ°ル,DX,f0ae8cae2fae4f11.png,maimaiでらっくす PLUS,6.0~,8.2,12.2,13.9,
ブレインジャックシンドローム,DX,272d10fdd20ebf8d.png,maimaiでらっくす PLUS,4.0~,7.8,10.6,13.3,
共鳴,DX,f03b05b1fc782ceb.png,maimaiでらっくす PLUS,4.0~,7.0,10.5,13.2,
Ututu,DX,5c7da68424b91ee0.png,maimaiでらっくす PLUS,4.0~,7.5,10.2,12.9,
シエルブルーマルシェ,DX,9fb752248141c1d7.png,maimaiでらっくす PLUS,3.0~,7.4,10.4,12.8,13.7
GRÄNDIR,DX,2a26b38fcd378676.png,maimaiでらっくす PLUS,4.0~,7.8,11.0,13.9,
封焔の135秒,DX,2985e6ee69db26de.png,maimaiでらっくす PLUS,5.0~,8.8,12.7,14.8,
渦状銀河のシンフォニエッタ,STD,a9be993d5f552289.png,BUDDiES,5.0~,9.0,12.7,14.3,
渦状銀河のシンフォニエッタ,DX,a9be993d5f552289.png,maimaiでらっくす PLUS,3.0,8.5,11.8,14.6,
ヤミツキ,DX,3b28c5e61347edff.png,maimaiでらっくす PLUS,4.0~,7.5,10.0,12.7,
ワードワードワード,DX,88fd634bc9103eca.png,maimaiでらっくす PLUS,5.0~,6.5,9.9,13.4,
Valsqotch,DX,d394210103ee76c3.png,maimaiでらっくす PLUS,6.0~,8.9,13.0,14.7,
最強 the サマータイム!!!!!,DX,ab91abb8f5f716be.png,maimaiでらっくす PLUS,4.0~,7.5,9.9,12.7,
UTAKATA,DX,f3768d0e7994daa5.png,maimaiでらっくす PLUS,4.0~,7.0,9.4,12.6,
タテマエと本心の大乱闘,DX,75ed99d686a556b0.png,maimaiでらっくす PLUS,5.0~,7.7,10.1,12.7,
はちみつアドベンチャー,DX,044f1d6c5c170d86.png,maimaiでらっくす PLUS,4.0~,7.5,10.0,12.8,
popcorn,DX,ed998c68adada909.png,maimaiでらっくす PLUS,3.0~,7.5,9.0,13.2,
ハム太郎とっとこうた,DX,1b3fd58d6ebade7c.png,maimaiでらっくす PLUS,1.0~,5.8,8.5,12.0,12.8
だから僕は音楽を辞めた,DX,7f05ec00857e0440.png,maimaiでらっくす PLUS,2.0~,6.0,8.7,12.5,
I'm with you,DX,1e8efa0824fe6e78.png,maimaiでらっくす PLUS,2.0~,6.8,9.6,11.2,
ビターチョコデコレーション,DX,4bc4d3834acf0534.png,maimaiでらっくす PLUS,4.0~,7.0,9.9,12.9,
アンドロイドガール,DX,5847967f87cf1dab.png,maimaiでらっくす PLUS,4.0~,7.8,10.4,12.9,
スターリースカイ☆パレード,DX,bf6fcb6a8b2b79a7.png,maimaiでらっくす PLUS,4.0~,7.5,10.0,12.6,
スロウダウナー,DX,1f308086ecb36d24.png,maimaiでらっくす PLUS,4.0~,7.2,9.8,12.5,
クレイジー・ビート,DX,db2bcb56952703da.png,maimaiでらっくす PLUS,3.0~,6.5,9.8,12.8,
バイオレンストリガー,DX,35a1e407f85b4d89.png,maimaiでらっくす PLUS,5.0~,7.7,10.0,13.2,
グラーヴェ,DX,bb37d9710622d40f.png,maimaiでらっくす PLUS,3.0~,7.0,9.8,12.8,
KILLER B,DX,bca0ad64e12b1b2f.png,maimaiでらっくす PLUS,3.0~,6.0,10.2,12.8,
すーぱーぬこになれんかった,DX,c16bd3250dcfc965.png,maimaiでらっくす PLUS,5.0~,7.5,10.0,13.2,
アスヘノBRAVE,DX,6e2e4e3b67513e89.png,maimaiでらっくす PLUS,4.0~,6.5,9.8,13.0,
深海シティアンダーグラウンド,DX,5cb9cdf0b07e1366.png,maimaiでらっくす PLUS,4.0~,6.8,10.0,12.8,
表裏一体,DX,71c12dd507e2374e.png,maimaiでらっくす PLUS,3.0~,6.5,9.8,12.9,
Catch the Wave,DX,c0ee4895feacba46.png,maimaiでらっくす PLUS,3.0~,6.5,9.8,12.4,
ソリッド,DX,6f76e4f38c8d24c3.png,maimaiでらっくす PLUS,4.0~,7.8,10.7,13.4,
全力ハッピーライフ,DX,725959f88eaa2fe5.png,maimaiでらっくす PLUS,4.0~,7.5,10.2,12.8,
Oath Act,DX,e15c6bedf799b014.png,maimaiでらっくす PLUS,3.0~,6.2,9.7,12.5,
Witches night,DX,7582837c14343f0a.png,maimaiでらっくす PLUS,3.0~,6.0,9.0,12.8,
Drive Your Fire,DX,368560be7e7e0a2b.png,maimaiでらっくす PLUS,3.0~,6.7,9.7,12.8,
wheel,DX,fe085689bd924d74.png,maimaiでらっくす PLUS,2.0~,6.2,9.5,12.8,
Black Lair,DX,d03f5507e980291c.png,maimaiでらっくす PLUS,5.0~,8.0,11.5,13.8,
energy trixxx,DX,bce82906edfa120c.png,maimaiでらっくす PLUS,5.0~,7.5,11.0,13.8,
NULCTRL,DX,b7837b1d26eb3a42.png,maimaiでらっくす PLUS,3.0~,7.8,12.6,13.9,
アトロポスと最果の探究者,DX,a6b014388c529531.png,maimaiでらっくす PLUS,5.0~,7.2,10.8,13.7,
Entrance,DX,76885758ee8ece6a.png,maimaiでらっくす PLUS,4.0~,8.2,11.7,13.7,
Lunar Mare,DX,4e394ae8137ced5d.png,maimaiでらっくす PLUS,5.0~,8.0,11.7,13.8,
Saika,DX,7f84a42ea9a6db85.png,maimaiでらっくす PLUS,3.0~,7.7,10.2,12.7,
CHAOS,DX,2a875754a682280d.png,maimaiでらっくす PLUS,5.0~,7.8,11.7,13.9,
Maboroshi,DX,38f695d2f1210456.png,maimaiでらっくす PLUS,5.0~,7.8,11.2,14.2,
ウマイネームイズうまみちゃん,DX,355595c991550e39.png,maimaiでらっくす PLUS,2.0~,6.5,8.8,12.0,
ぼくたちいつでも　しゅわっしゅわ！,DX,c8bed480e22142c9.png,Splash,3.0~,7.0,11.3,13.0,13.8
Boys O’Clock,DX,747c68a6bf27de45.png,Splash,5.0~,7.7,10.8,13.0,
居並ぶ穀物と溜息まじりの運送屋,DX,c02537aab0c8a6a2.png,Splash,3.0~,7.8,11.8,12.9,
ARAIS,DX,63687937bbd3b9f4.png,Splash,6.0~,8.8,12.0,14.4,
マイオドレ！舞舞タイム,DX,2dd30e50b2be509e.png,Splash,4.0~,7.8,11.0,12.8,
Aetheric Energy,DX,b2491c88e30e7d0b.png,Splash,5.0~,7.8,11.0,13.4,
Komplexe,DX,6fb57dd3a171eab3.png,Splash,3.0~,7.7,11.0,13.7,
Beautiful Future,DX,f116991206292434.png,Splash,4.0~,8.0,10.8,13.7,
Mutation,DX,927305ac2ee395bf.png,Splash,5.0~,8.5,12.5,14.0,
オリフィス,DX,32f13971dcdc12f7.png,Splash,3.0~,7.8,10.4,12.9,
ユメヒバナ,DX,61a459ab9bce91e2.png,Splash,4.0~,7.0,10.0,13.4,
REAL VOICE,DX,ac02343dc7001ef1.png,Splash,3.0~,7.7,10.2,12.8,
パラボラ,DX,73a07468c38c298c.png,Splash,3.0~,8.0,11.2,13.8,
Regulus,DX,f340a4081d9c66d7.png,Splash,5.0~,8.5,12.5,14.7,
ワンダーシャッフェンの法則,DX,7795406e0a4be488.png,Splash,4.0~,7.8,10.7,14.1,
BIRTH,DX,6957b90486e1318e.png,Splash,3.0~,7.9,12.8,14.5,
シアトリカル・ケース,DX,63a6907f7c15e040.png,Splash,4.0~,7.7,10.8,12.8,
ステップアンドライム,DX,ba15f7b947317461.png,Splash PLUS,3.0~,7.2,10.0,12.8,
届かない花束,DX,9d2e5faf33ea3aa9.png,Splash PLUS,3.0~,7.5,9.8,13.1,
YURUSHITE,DX,7e709a028bc1c5c3.png,Splash,5.0~,8.8,12.5,14.4,
ポケットからぬりつぶせ！,DX,adff3375e43eafbd.png,Splash,3.0~,6.5,10.2,13.2,
トリドリ⇒モリモリ！Lovely fruits☆,DX,aa826be0d2a02ff8.png,Splash,4.0~,7.8,10.7,13.2,
Desperado Waltz,DX,9cf73e43ce65b3a9.png,Splash,5.0~,8.4,11.8,14.2,
宛城、炎上！！,DX,034cbece579217c7.png,Splash,5.0~,8.8,12.5,13.8,
Climax,DX,c8af8a03388a9a19.png,Splash,4.0~,8.5,12.0,14.3,
レーイレーイ,DX,3208b3758def086b.png,Splash,4.0~,7.8,10.5,13.2,13.7
お願いマッスル,DX,53ec6717a92b0dc1.png,Splash,3.0~,6.0,8.9,12.7,
Virtual to LIVE,DX,7c707b8a9823379b.png,Splash,3.0~,6.0,8.7,12.2,12.8
命に嫌われている,DX,8dfce10e2d015493.png,Splash,3.0~,7.0,10.2,12.8,
アンクローズ・ヒューマン,DX,0641b4abd73b15ea.png,Splash,3.0~,7.2,9.8,13.2,
乙女解剖,DX,cb3762ad24071bdc.png,Splash,2.0~,6.5,8.8,12.5,
絶え間なく藍色,DX,9fcfc39056f4c51e.png,Splash,3.0~,6.2,8.5,13.4,
ガランド,DX,3ab9462a8ad2e844.png,Splash,2.0~,7.0,9.9,13.0,
とりあえずアナタがいなくなるまえに,DX,cf54bee98fb8ac42.png,Splash,3.0~,6.0,8.8,11.8,
明星ギャラクティカ,DX,1bbf2481ac18715d.png,Splash,4.0~,6.5,8.7,12.4,
絶対にチョコミントを食べるアオイチャン,DX,f78fe124599ff669.png,Splash,2.0~,6.8,9.8,12.9,
デリヘル呼んだら君が来た,DX,1a9429cd0ca4fce7.png,Splash,3.0~,7.2,10.5,13.1,
ベノム,DX,1e33fe6ab1df56ea.png,Splash,4.0~,6.5,9.0,12.7,
マネマネサイコトロピック,DX,c486e3fd9c4cf390.png,Splash,5.0~,7.2,10.7,13.7,
劣等上等,DX,f84641830aac8678.png,Splash,4.0~,6.5,10.0,13.2,
アスノヨゾラ哨戒班,DX,bbff0825f1647719.png,Splash,4.0~,7.0,9.0,12.8,
悪戯センセーション,DX,5c5ae698a3ca6825.png,Splash,4.0~,7.7,9.8,12.7,
Paranoia,DX,2bb6a69fa0e66cc6.png,Splash,4.0~,7.0,9.5,13.0,
絡繰りドール,DX,00941cd102eac6ab.png,Splash,3.0~,6.5,9.0,12.9,
物凄いヴァイブスで魔理沙が物凄いラップ,DX,33a4ed61c2911c40.png,Splash,4.0~,7.0,9.7,13.4,
Sweet Requiem,DX,c61229d0709d989a.png,Splash,4.0~,7.7,10.7,13.7,
Dive into The Sky ～initialized～,DX,d1bb2b0bded8330e.png,Splash,4.0~,6.2,9.2,13.0,
BATTLE NO.1,DX,7aa3724d12b8a82d.png,Splash,6.0~,8.5,12.2,14.5,
Ether Strike,DX,e4d70ce31ee28a9c.png,Splash,4.0~,7.7,10.8,13.9,
Cyaegha,DX,fdeb6b92b9339d2a.png,Splash,4.0~,7.8,11.0,13.8,
Grievous Lady,DX,6d9c69398720e097.png,Splash,5.0~,8.0,12.0,14.2,
c.s.q.n.,DX,59b04cbccd088b7f.png,Splash,5.0~,7.8,11.2,13.8,
カラッポ・ノンフィクション,DX,b8a67789729b6e80.png,Splash,3.0~,7.5,10.0,13.7,
emomomo,DX,e949f0cfb56f9ea8.png,Splash,4.0~,7.5,10.7,13.7,
Arty Party,DX,7473d78f898dee78.png,Splash,4.0~,8.0,11.8,13.9,
Jörqer,DX,6371b8c7d2c59e7f.png,Splash,3.0~,7.0,11.8,13.6,
"Sqlupp (Camellia's ""Sqleipd*Hiytex"" Remix)",DX,fcb1d9c95bb8205d.png,Splash,5.0~,8.0,12.2,14.5,
felys -final remix-,DX,372b2bdce425ac62.png,Splash,4.0~,7.7,10.7,14.4,
自傷無色,DX,49cc18d720e1c23d.png,Splash,2.0~,5.8,9.0,12.8,
Prismatic,DX,db4aaf0900fc7f88.png,Splash,3.0~,7.4,9.4,12.2,
"≠彡""/了→",DX,7bd3115b580213e3.png,Splash,5.0~,9.0,12.7,14.4,
BREaK! BREaK! BREaK!,DX,91737a421106e7ca.png,Splash PLUS,5.0~,8.5,12.8,14.6,
Heavenly Blast,DX,b93bb5411292f1d8.png,Splash PLUS,5.0~,9.0,12.8,14.8,
Paradisoda,DX,b714febbedc27687.png,Splash PLUS,3.0~,7.0,10.7,13.1,
VANTABLACK RAVER,DX,079a34779ccd60d3.png,Splash PLUS,4.0~,7.8,11.1,13.8,
時計の国のジェミニ,DX,68824ef167581ccf.png,Splash PLUS,4.0~,7.7,10.0,13.0,
Xenovcipher,DX,9a806edb5b8a642e.png,Splash PLUS,6.0~,8.5,12.5,14.3,
星めぐり、果ての君へ。,DX,c110c819a6c43a54.png,Splash PLUS,4.0~,7.8,10.7,12.9,13.1
スローアライズ,DX,565d4805b8b8848e.png,Splash PLUS,4.0~,7.5,10.9,12.8,
チエルカ／エソテリカ,DX,9475222592a29f06.png,Splash PLUS,5.0~,8.7,12.5,14.3,
生命不詳,DX,194a9262c9480e48.png,Splash PLUS,4.0~,8.0,11.7,13.7,
Never Give Up!,DX,fd5895f21f0da045.png,Splash PLUS,4.0~,7.8,10.8,13.8,13.7
Starry Colors,DX,f38fc9d91ef0b72c.png,Splash PLUS,4.0~,7.8,11.0,14.0,
ほしぞらスペクタクル,DX,3b610dccb2b32467.png,Splash PLUS,5.0~,8.5,12.5,14.4,
Last Samurai,DX,b7884713b914d359.png,Splash PLUS,4.0~,8.0,12.0,13.9,
蒼穹舞楽,DX,7cc92964b5148cca.png,Splash PLUS,5.0~,8.5,12.8,13.9,
AMABIE,DX,761e10bd436f83cf.png,Splash PLUS,5.0~,8.8,12.4,14.6,
オーケー？　オーライ！,DX,854c238aee12a027.png,Splash PLUS,3.0~,7.5,9.5,12.8,
サヨナラフリーウェイ,DX,f6bf56f478f8ddcf.png,Splash PLUS,3.0~,7.7,9.7,12.6,
単一指向性オーバーブルーム,DX,538753c5c57b3e9e.png,Splash PLUS,3.0~,7.5,10.2,13.2,13.8
みなえをチェック！,DX,6a189a90cc4d00dd.png,Splash PLUS,3.0~,7.7,10.0,13.0,
ハジマリノピアノ,DX,d8582cffde7aaa51.png,Splash PLUS,5.0~,7.8,10.8,13.8,
BOUNCE & DANCE,DX,5978cd4680adbdf1.png,Splash PLUS,3.0~,7.7,10.5,13.7,
Kiss Me Kiss,DX,d54f6840c982c52e.png,Splash PLUS,3.0~,6.5,9.8,12.8,
MEGATON BLAST,DX,5e9ecbc940b79708.png,Splash PLUS,5.0~,9.5,12.9,14.3,
Splash Dance!!,DX,8b18c71ee9262272.png,Splash PLUS,3.0~,7.5,10.0,13.4,
おジャ魔女カーニバル!!,DX,3491119fdaa2b30a.png,Splash PLUS,3.0~,6.2,8.8,12.8,
タケモトピアノCMソング,DX,838762a592006575.png,Splash PLUS,3.0~,7.0,9.0,12.7,
電話革命ナイセン,DX,28cccd5cc7276eb3.png,Splash PLUS,2.0~,6.5,8.2,12.5,
ネガティブ進化論,DX,4a10309bcd38e74e.png,Splash PLUS,3.0~,6.2,8.8,12.7,
雨とペトラ,DX,5c564c459e85f320.png,Splash PLUS,3.0~,7.2,9.0,12.4,
永遠にゲームで対戦したいキリタン,DX,4f00257853319e40.png,Splash PLUS,2.0~,6.5,9.2,12.8,
KING,DX,bee11abab3bb3101.png,Splash PLUS,3.0~,6.8,9.7,13.0,
幽霊東京,DX,73db56b2cbfd49c6.png,Splash PLUS,1.0~,6.5,8.7,12.5,
Alice in 冷凍庫,DX,69466546da86df9f.png,Splash PLUS,3.0~,6.5,9.8,12.8,
キラメキ居残り大戦争,DX,0017d1b140e0da0a.png,Splash PLUS,4.0~,7.5,10.8,13.2,
ディカディズム,DX,1ef2747493f2d184.png,Splash PLUS,2.0~,7.0,9.8,13.1,
猫猫的宇宙論,DX,e9f43274d5a1ed36.png,Splash PLUS,3.0~,6.2,9.5,12.7,
ラットが死んだnew words,DX,cbf338a693653133.png,Splash PLUS,2.0~,7.0,9.8,12.8,
阿吽のビーツ,DX,1490116ec0420770.png,Splash PLUS,1.0~,6.0,10.0,12.8,
再会,DX,7f88bdf21553f929.png,Splash PLUS,1.0~,6.2,8.8,12.2,
約束,DX,9399ecd9176a93e7.png,Splash PLUS,1.0~,6.0,8.2,12.0,
トラフィック・ジャム,DX,f295e2f2410559df.png,Splash PLUS,2.0~,6.5,9.8,12.8,
アルティメットセンパイ,DX,77a97e85ae4f2b53.png,Splash PLUS,2.0~,6.8,9.0,13.1,
ロストワードクロニカル,DX,25be29e63231589b.png,Splash PLUS,4.0~,7.0,10.0,13.4,
今、誰が為のかがり火へ,DX,3a3232dcc8cfbbf2.png,Splash PLUS,3.0~,6.5,8.8,12.4,
Melody！,DX,68d946095fefa800.png,Splash PLUS,3.0~,6.5,9.8,12.2,
下克上々,DX,0e2be24b3882ea4a.png,Splash PLUS,3.0~,6.8,10.2,13.0,
ハウリング,DX,b7a0795183f71fca.png,Splash PLUS,3.0~,7.2,9.8,13.1,
トランスダンスアナーキー,DX,5b6325556f04bfc2.png,Splash PLUS,4.0~,7.7,10.8,13.5,
Re：End of a Dream,DX,61b60aecd7fda2a2.png,Splash PLUS,6.0~,8.0,12.0,14.4,
もぺもぺ,DX,17f033608e0332dd.png,Splash PLUS,3.0~,8.0,12.8,13.9,
Sound Chimera,DX,4a94d616d8b064bc.png,Splash PLUS,4.0~,8.2,12.5,13.9,
CO5M1C R4ILR0AD,DX,0ea80d8bbb1fba2f.png,Splash PLUS,4.0~,8.2,11.8,14.4,
MAKE IT FUNKY NOW,DX,abe8d795b816168a.png,Splash PLUS,4.0~,7.7,11.7,13.7,
Rush-More,DX,f3980fde794cbf40.png,Splash PLUS,3.0~,7.8,10.7,13.5,
Strange Bar,DX,d03a7cad6d682345.png,Splash PLUS,2.0~,7.9,10.7,13.9,
Big Daddy,DX,74fa058f35dd3ba4.png,Splash PLUS,4.0~,8.8,12.0,13.8,
ベースラインやってる？笑,DX,e60c76f93e816688.png,Splash PLUS,2.0~,7.7,11.0,13.4,
ALiVE,DX,aef1c386f0707061.png,Splash PLUS,3.0~,7.8,11.0,13.2,
ヒミツCULT,DX,6f420cccbe95810a.png,Splash PLUS,3.0~,8.2,11.5,13.7,
MEGATON KICK,DX,55da4517b646b23b.png,Splash PLUS,5.0~,8.7,11.8,13.9,
LOSE CONTROL,DX,641087ee1df624de.png,Splash PLUS,3.0~,7.8,12.4,13.7,
宿星審判,DX,c052a8d637901cf3.png,UNiVERSE,4.0~,8.2,12.2,14.3,
脳天直撃,DX,1a7893a226f7befc.png,UNiVERSE,5.0~,8.8,12.9,14.6,
とびだせ！TO THE COSMIC!!,DX,a8dfce2488046508.png,UNiVERSE,4.0~,8.2,12.5,13.7,
噛み係,DX,c3abc1a6434b4ebe.png,UNiVERSE,2.0~,7.8,10.8,13.5,
トリアージ,DX,9466cf52a10671cf.png,UNiVERSE,2.0~,7.8,10.0,13.1,
NAGAREBOSHI☆ROCKET,DX,db0eec06b051299f.png,UNiVERSE,6.0~,8.5,12.0,14.1,
U&iVERSE -銀河鸞翔-,DX,6cc01bbad2650c50.png,UNiVERSE,5.0~,9.0,12.1,14.3,
華の集落、秋のお届け,STD,b95d6cec3fbbb04c.png,BUDDiES PLUS,5.0~,8.0,12.5,13.9,
華の集落、秋のお届け,DX,b95d6cec3fbbb04c.png,UNiVERSE,3.0,7.9,11.8,13.9,
BLACK SWAN,DX,58d3f2aeccf6a09d.png,UNiVERSE,6.0~,8.5,12.7,14.6,
星詠みとデスペラード,DX,f01745a29d2ef5bd.png,UNiVERSE,5.0~,7.8,11.8,14.0,
Round Round Spinning Around,DX,6a7e5bd00eb678b3.png,UNiVERSE,4.0~,8.2,10.0,13.3,
Alcyone,DX,071768635e02a075.png,UNiVERSE,4.0~,7.8,12.0,14.0,
Raven Emperor,DX,000e4e52cbf4d11f.png,UNiVERSE,5.0~,8.5,12.0,14.5,
Yorugao,DX,ffa8c12106a9ee96.png,UNiVERSE,5.0~,8.0,12.2,14.6,
ヨミビトシラズ,DX,36b1fd60ab5bf872.png,UNiVERSE,4.0~,7.8,12.5,13.7,
前衛的Landscape,DX,ff81865c331e96f7.png,UNiVERSE,4.0~,8.0,11.4,13.8,
Trick tear,DX,5e69a551a2fa34d9.png,UNiVERSE,5.0~,8.8,12.5,14.4,
躯樹の墓守,DX,55a2c29fef3811ad.png,UNiVERSE,6.0~,9.8,13.0,14.9,
ぱくぱく☆がーる,DX,07f841698cba7fa8.png,UNiVERSE,4.0~,7.0,10.2,13.1,
No Limit RED Force,DX,d0f6b039af8831d3.png,UNiVERSE,2.0~,7.0,9.7,12.7,
LiftOff,DX,75f148963308b860.png,UNiVERSE,4.0~,8.5,11.7,13.9,
Falsum Atlantis.,DX,403667b44ac1d17e.png,UNiVERSE,4.0~,8.0,12.6,14.5,
We Are Us,DX,d99038ea8737e638.png,UNiVERSE,3.0~,6.8,10.0,13.5,
Limits,DX,966be589591a4a6c.png,UNiVERSE,3.0~,6.5,10.5,13.5,
スピカの天秤,DX,b81925a4285c4ce1.png,UNiVERSE,5.0~,8.8,13.1,14.4,
ハードコア・シンドローム,DX,d032c4be975fda12.png,UNiVERSE,5.0~,8.0,12.5,13.9,
テレキャスタービーボーイ,DX,8ec5044872bc5c23.png,UNiVERSE,2.0~,7.2,9.8,11.8,12.8
僕は空気が嫁ない,DX,249cc28f8f59539a.png,UNiVERSE,2.0~,7.2,10.0,13.2,
デッドマンズバラッド,DX,fc8413fd2a11ca68.png,UNiVERSE,5.0~,8.5,12.5,14.2,
イヤホンロマンス,DX,ecfd9fddb7a9f687.png,UNiVERSE,3.0~,6.2,9.5,13.1,
竹,DX,03897fe7481825cc.png,UNiVERSE,5.0~,8.7,12.0,14.2,
スーパーシンメトリー,DX,ea8ef2281969118e.png,UNiVERSE,5.0~,8.5,12.0,13.9,
Southern Cross,DX,d5fed143ad62103d.png,UNiVERSE,3.0~,7.5,10.7,13.2,13.9
Upshift,DX,eb74d1c6089d56de.png,UNiVERSE,2.0~,8.2,11.0,13.9,
MOBILYS,DX,24d0c3dd5ed1fda4.png,UNiVERSE,2.0~,7.8,10.0,13.1,
ドラゴンエネルギー,DX,5c8b21cfcbbd7be7.png,UNiVERSE,2.0~,6.7,9.8,12.5,
セカイはまだ始まってすらいない,DX,1cad20e254f6651a.png,UNiVERSE,2.0~,6.0,8.7,12.7,
Sweets Time,DX,1ca97ae8aa37eb6b.png,UNiVERSE,2.0~,6.5,10.0,13.0,
紅星ミゼラブル～廃憶編,DX,d734d64f787a6dbf.png,UNiVERSE,3.0~,6.5,10.0,13.2,
幻想に咲いた花,DX,d1b96aabc40101f8.png,UNiVERSE,3.0~,7.0,9.7,13.1,13.8
マツヨイナイトバグ,DX,e20fd62b4e0dfe16.png,UNiVERSE,3.0~,7.8,10.7,13.9,14.3
ポッピンキャンディ☆フィーバー！,DX,930e189b37d9d832.png,UNiVERSE,2.0~,7.7,10.0,12.9,
どぅーまいべすと！,DX,2e6f3f0c952aabe6.png,UNiVERSE,2.0~,6.5,9.8,12.4,
春を告げる,DX,1dffba288d353216.png,UNiVERSE PLUS,1.0~,6.0,9.8,12.9,
失敗作少女,DX,2dfb80213925c43b.png,UNiVERSE,3.0~,7.5,10.2,13.1,
悪魔の踊り方,DX,e1241f4838eb628f.png,UNiVERSE,2.0~,6.7,9.8,13.2,
ノイローゼ,DX,2d453be3e5be3283.png,UNiVERSE,3.0~,7.7,10.0,13.0,
グッバイ宣言,DX,b44613f0defc39bd.png,UNiVERSE,2.0~,7.2,9.8,12.8,
春嵐,DX,59ae73d58c1962d3.png,UNiVERSE,3.0~,6.2,10.2,13.4,
ラグトレイン,DX,3d04a3710463921e.png,UNiVERSE,2.0~,6.5,9.8,13.2,
なだめスかし Negotiation（TVsize）,DX,2d6ba5616abef148.png,UNiVERSE,3.0~,6.8,8.2,12.5,
インドア系ならトラックメイカー,DX,57c8a97552b29815.png,UNiVERSE,2.0~,7.9,10.5,13.4,
アカツキアライヴァル,DX,f27eaa7f0425f9c8.png,UNiVERSE,2.0~,6.0,10.0,13.0,
リモコン,DX,1eb8f36d4551b74b.png,UNiVERSE,3.0~,6.8,9.5,13.2,
on the rocks,DX,6c0927e5febfcafd.png,UNiVERSE,1.0~,6.2,8.8,12.8,
響け！CHIREI MY WAY!,DX,f9e0d340bb1dd099.png,UNiVERSE,2.0~,7.0,9.5,12.7,
神々が恋した幻想郷,DX,1060b41523ca6346.png,UNiVERSE,2.0~,7.0,10.8,13.5,
Lia=Fail,DX,0c326d43294255a7.png,UNiVERSE,5.0~,9.0,12.8,14.7,
アンビバレンス,DX,e63c3acfdf00c605.png,UNiVERSE,4.0~,7.5,10.7,13.0,
廻廻奇譚,DX,1407ac902ae55b0d.png,UNiVERSE,4.0~,7.5,9.8,11.8,13.5
アイドル新鋭隊,DX,a37763e42af63eea.png,UNiVERSE,2.0~,7.4,9.7,12.1,
needLe,DX,e8277409c4fd2331.png,UNiVERSE,2.0~,7.7,9.8,12.8,
ヒステリックナイトガール,DX,b48907e41b1a0e45.png,UNiVERSE,3.0~,7.0,9.8,13.0,
GIGANTØMAKHIA,DX,fed702195b5af0e7.png,UNiVERSE,6.0~,8.2,13.0,14.7,
ミルキースター・シューティングスター,DX,e625655fb14640ec.png,UNiVERSE PLUS,3.0~,7.8,10.7,12.9,
ｉｓｏｐｈｏｔｅ,DX,f6aef2150786d0b4.png,UNiVERSE PLUS,3.0~,7.2,10.0,13.0,
パラマウント☆ショータイム！！,DX,f4f0f2f8ebd3f0da.png,UNiVERSE PLUS,5.0~,8.0,11.7,14.0,
Strive against fate,DX,c22b6708af0c7a69.png,UNiVERSE PLUS,6.0~,7.9,13.2,14.5,
sølips,DX,8043243d47cacaee.png,UNiVERSE PLUS,6.0~,8.5,13.7,14.9,
パーフェクション,DX,cab8e9a2a5fcb025.png,UNiVERSE PLUS,2.0~,7.8,10.8,13.4,
デーモンベット,DX,a1e05bf1f0247733.png,UNiVERSE PLUS,2.0~,7.5,10.5,13.2,
HECATONCHEIR,DX,49e05689f3a0b19a.png,UNiVERSE PLUS,5.0~,8.0,12.7,14.1,
Irresistible,DX,5a1380b2897bb763.png,UNiVERSE PLUS,3.0~,7.5,11.0,13.6,
HAGAKIRI,DX,6efe955c46de9657.png,UNiVERSE PLUS,5.0~,7.8,12.5,13.9,
N3V3R G3T OV3R,DX,4a4b3606f9a72e2c.png,UNiVERSE PLUS,4.0~,7.8,12.0,14.3,
Swift Swing,DX,b88e127e372b0c2e.png,UNiVERSE PLUS,4.0~,8.0,12.5,14.3,
星空パーティーチューン,DX,34d250113b737f05.png,UNiVERSE PLUS,4.0~,8.8,11.5,13.7,
チューリングの跡,DX,6c38d19035bd1ea6.png,UNiVERSE PLUS,4.0~,8.0,13.5,14.8,
Sage,DX,4cd6568a0952195d.png,UNiVERSE PLUS,6.0~,8.2,12.9,14.5,
OTOGEMA,DX,55f59b99f698b962.png,UNiVERSE PLUS,4.0~,7.0,10.7,13.6,
WiPE OUT MEMORIES,DX,1a61a11a3b89420f.png,UNiVERSE PLUS,6.0~,8.8,12.9,14.8,
Metamorphosism,DX,d02540b6cedfa362.png,UNiVERSE PLUS,6.0~,8.0,12.8,14.7,
白花の天使,DX,f01f26e4a1228a08.png,UNiVERSE PLUS,5.0~,8.7,12.0,13.8,
World's end loneliness,DX,e341ba3d5adb60dd.png,UNiVERSE PLUS,7.0~,9.8,13.0,14.9,
Jouez Avec Moi?,DX,fa6943ebb851f378.png,UNiVERSE PLUS,4.0~,7.7,10.8,13.8,
"Good bye, Merry-Go-Round.",DX,c7f4f382b3342a09.png,UNiVERSE PLUS,5.0~,7.8,12.5,14.1,
ツクヨミステップ,DX,dbe50b3985a760b8.png,UNiVERSE PLUS,4.0~,7.7,10.8,13.5,
folern,DX,a904cc91a7d095dd.png,UNiVERSE PLUS,5.0~,8.5,12.2,13.9,
コスモポップファンクラブ,DX,4829035abbb63320.png,UNiVERSE PLUS,3.0~,6.2,10.7,13.0,
撩乱乙女†無双劇,DX,536446ddde354589.png,UNiVERSE PLUS,4.0~,6.8,11.7,13.4,
See The Light,DX,65620eda680cc9f4.png,UNiVERSE PLUS,3.0~,6.5,11.5,13.7,
エータ・ベータ・イータ,DX,241ef09441315f33.png,UNiVERSE PLUS,6.0~,7.8,12.4,14.1,
ヴァンパイア,DX,d63402f44d60f77e.png,UNiVERSE PLUS,3.0~,6.8,10.2,11.7,13.4
エンヴィーベイビー,DX,cae62842cadab3d9.png,UNiVERSE PLUS,3.0~,7.0,9.7,13.0,
初音天地開闢神話,DX,2a0e0f93f9159310.png,UNiVERSE PLUS,5.0~,8.4,11.0,13.9,
Armageddon,DX,9ddf286fd3dcd371.png,UNiVERSE PLUS,5.0~,8.5,12.9,13.9,
Dreadnought,DX,5d72ff8765384da0.png,UNiVERSE PLUS,5.0~,8.8,12.6,13.9,
enchanted love,DX,a191381548e9cb18.png,UNiVERSE PLUS,3.0~,7.0,11.8,13.7,
Caterpillar Song,DX,94e158c4f52c7c52.png,UNiVERSE PLUS,3.0~,6.5,12.0,13.9,
　,DX,5bb69b619f266d0a.png,UNiVERSE PLUS,3.0~,6.5,10.5,12.8,
BLUE ZONE,DX,21c639ba03568a5a.png,UNiVERSE PLUS,4.0~,8.2,11.5,14.1,
Estahv,DX,55c8c8495989ff55.png,UNiVERSE PLUS,4.0~,7.5,11.7,13.8,
First Dance,DX,7f950ad7a5baa42d.png,UNiVERSE PLUS,5.0~,7.8,12.1,13.9,
Mjölnir,DX,21b9cc9519eab016.png,UNiVERSE PLUS,6.0~,8.8,12.7,14.4,
Define,DX,92c6a4e15216f867.png,UNiVERSE PLUS,3.0~,7.7,11.7,13.5,
BANG!,DX,d8d8f023b47ff011.png,UNiVERSE PLUS,2.0~,6.5,10.8,13.1,
Love's Theme of BADASS ～バッド・アス 愛のテーマ～,DX,fd30be82f708758f.png,UNiVERSE PLUS,6.0~,8.5,13.0,14.1,
Princess♂,DX,773b8d4eb3c2829a.png,UNiVERSE PLUS,2.0~,7.0,10.5,13.8,
ヒトガタ,DX,a33a77ea8c117b3d.png,UNiVERSE PLUS,2.0~,6.5,10.8,13.4,
Spring of Dreams,DX,25bcb2696dfcef90.png,UNiVERSE PLUS,3.0~,6.5,10.5,12.8,
"大輪の魂 (feat. AO, 司芭扶)",DX,ca4e36f40ed13f9e.png,UNiVERSE PLUS,3.0~,6.2,9.8,13.3,
紅に染まる恋の花,DX,5aef951016fdee27.png,UNiVERSE PLUS,2.0~,6.5,10.0,12.5,
三妖精SAY YA!!!,DX,30b9ee1f385156b4.png,UNiVERSE PLUS,3.0~,6.8,10.0,13.3,
Reach For The Stars (Re-Colors),DX,872a9990a618097d.png,UNiVERSE PLUS,5.0~,7.8,11.5,13.9,
ジャンキーナイトタウンオーケストラ,DX,9c0933c2097ea0dd.png,UNiVERSE PLUS,3.0~,6.5,10.0,12.9,
終焉逃避行,DX,bd436a8500d7ae0c.png,UNiVERSE PLUS,4.0~,6.5,9.8,12.9,
8-EM,DX,3176c5e84eaa1818.png,UNiVERSE PLUS,5.0~,8.5,12.6,13.8,
若い力,DX,0a3e0ec7d3e649fd.png,UNiVERSE PLUS,3.0~,6.0,9.0,13.3,
遺伝子レベル∞スパイラル,DX,922bd2e6993e7140.png,UNiVERSE PLUS,5.0~,7.0,9.8,13.7,
otorii INNOVATED -[i]3-,DX,22cfe49ebfb24007.png,UNiVERSE PLUS,6.0~,8.9,13.0,14.5,
エゴロック,DX,a0d49a6de0c2951d.png,UNiVERSE PLUS,5.0~,7.7,10.5,13.8,
ただ選択があった,DX,8886cfbe27f73dfe.png,UNiVERSE PLUS,2.0~,6.0,9.0,12.7,
パズルリボン,DX,02ac5a7ec58b9e7f.png,UNiVERSE PLUS,5.0~,7.8,11.2,13.3,
Transcend Lights,DX,48b49fc84a9226f9.png,UNiVERSE PLUS,4.0~,7.0,11.5,13.5,
ホシシズク,DX,89507763b8227c0d.png,FESTiVAL,4.0~,7.8,10.5,13.1,
Rainbow Rush Story,DX,6090e7ca3c80cdc6.png,FESTiVAL,4.0~,8.5,10.5,13.8,
Tricolor⁂circuS,DX,3839ea9459990614.png,FESTiVAL,4.0~,7.0,10.7,14.0,
[X],DX,f712ee022ae3e620.png,FESTiVAL,5.0~,8.0,12.0,13.7,
分解収束テイル,DX,b750da7232b13571.png,FESTiVAL,3.0~,7.8,11.0,13.7,
mystique as iris,DX,077872054fe8552d.png,FESTiVAL,5.0~,9.7,12.8,14.6,
Rising on the horizon,DX,7294b35c4ce70324.png,FESTiVAL,5.0~,8.0,12.7,14.4,
You Mean the World to Me,DX,225fd594b05d2650.png,FESTiVAL,3.0~,7.2,11.5,13.7,
Neon Kingdom,DX,467af0cc4f091827.png,FESTiVAL,4.0~,6.8,10.9,13.8,
#狂った民族２ PRAVARGYAZOOQA,DX,1bde84ebe909f8bc.png,FESTiVAL,6.0~,7.8,12.7,14.4,
VSpook!,DX,5d7f7536dd643e71.png,FESTiVAL,6.0~,8.0,12.9,14.3,
RIFFRAIN,DX,3ecd074431732b76.png,FESTiVAL,3.0~,6.0,9.7,13.2,
Falling,DX,da328e1e834698bf.png,FESTiVAL,4.0~,7.0,10.2,13.4,
ピリオドサイン,DX,4f4b2b44bfcd87b4.png,FESTiVAL,4.0~,7.8,10.7,13.5,
群青シグナル,DX,4b3c4017b405dc49.png,FESTiVAL,5.0~,8.2,11.7,13.8,
Beat Opera op.1,DX,c87ba892e4792628.png,FESTiVAL,3.0~,7.7,10.8,14.0,
星見草,DX,04dca5fcd4b9163a.png,FESTiVAL,4.0~,8.0,11.0,13.8,
"""411Ψ892""",DX,c05db4664af4c45e.png,FESTiVAL,5.0~,8.7,12.7,14.3,
康莊大道,DX,d7aa8fbe05bb911e.png,FESTiVAL,6.0~,8.7,13.2,14.7,
蜘蛛の糸,DX,28898558057a514c.png,FESTiVAL,5.0~,8.8,12.8,14.2,
Don't Fight The Music,DX,2e9da84e3e523f2f.png,FESTiVAL,5.0~,9.0,12.8,14.1,
Catch Me If You Can,DX,a7a36ba57c915530.png,FESTiVAL,5.0~,7.0,10.8,13.2,
MAGNETAR GIRL,DX,6aa746259d41bf92.png,FESTiVAL,5.0~,8.0,10.7,13.8,
SUPER AMBULANCE,DX,11f607f1a79a3165.png,FESTiVAL,6.0~,8.7,12.0,14.3,
Ghost Dance,DX,054d8fbb19a508c4.png,FESTiVAL,4.0~,7.7,10.0,13.3,
電光石火,DX,74c92bac1b51a9c3.png,FESTiVAL,5.0~,8.0,12.8,14.3,
Hainuwele,DX,6bb029ffc3be5817.png,FESTiVAL,5.0~,8.0,12.9,14.3,
アノーイング！さんさんウィーク！,DX,c06970a7212c924e.png,FESTiVAL,1.0~,6.0,8.5,12.8,
アニマル,DX,e07239967b98cca5.png,FESTiVAL,3.0~,7.8,10.8,13.1,
ジレンマ,DX,b6677ac63f097df0.png,FESTiVAL,3.0~,7.5,10.2,12.9,
踊,DX,eb5f9769d1afd885.png,FESTiVAL,2.0~,6.5,8.5,11.5,13.2
残響散歌,DX,61c0db523498c4a5.png,FESTiVAL,3.0~,6.5,9.7,13.4,
フォニイ,DX,e6f1a560ee4c29d9.png,FESTiVAL,2.0~,6.2,9.8,11.5,13.3
ヴィラン,DX,63abba33e2925b5a.png,FESTiVAL,2.0~,6.0,9.2,11.9,13.0
EYE,DX,30510883abde5697.png,FESTiVAL,2.0~,6.5,9.0,13.0,
スカーレット警察のゲットーパトロール24時,DX,5f9f0619083ebab0.png,FESTiVAL,3.0~,7.0,9.5,13.5,
田中,DX,eb0ab4dfa64b01f1.png,FESTiVAL,5.0~,8.5,12.1,14.3,
Random,DX,ad45a43a45bd4974.png,FESTiVAL,3.0~,7.0,11.2,13.7,
Luminaria,DX,03b507681b4bb63f.png,FESTiVAL,5.0~,7.8,12.2,14.0,
群青讃歌,DX,57724b8d4a6c684a.png,FESTiVAL,1.0~,6.2,9.5,12.4,
セカイ,DX,f94a0405d632630e.png,FESTiVAL,2.0~,6.0,10.0,12.8,
ワーワーワールド,DX,8cbae5ed52eaffcd.png,FESTiVAL,3.0~,6.2,9.7,13.0,
銀のめぐり,DX,d393d329db514825.png,FESTiVAL,3.0~,6.5,10.0,13.0,
Destiny Runner,DX,a1841b33431c9001.png,FESTiVAL,4.0~,7.7,11.2,13.9,
アマカミサマ,DX,db00c4017f608b7a.png,FESTiVAL,3.0~,6.8,9.5,12.7,
モンダイナイトリッパー！,DX,d65e04a8a65075d9.png,FESTiVAL,4.0~,7.0,10.7,13.6,
マーシャル・マキシマイザー,DX,0033a1f91bb22cb3.png,FESTiVAL,4.0~,7.2,9.8,13.2,
秋の未確認生物,DX,ba0af4d10b3c3d32.png,FESTiVAL,4.0~,7.2,10.5,13.0,
Dive into the ZONe,DX,89976945919325ac.png,FESTiVAL,3.0~,7.0,9.8,13.3,
エナドリおいしいソング,DX,5c0759a40fa1a178.png,FESTiVAL,5.0~,8.7,12.8,13.9,
Baddest,DX,30c9c35800d5c6b2.png,FESTiVAL,5.0~,7.5,10.7,13.7,
ばかみたい【Taxi Driver Edition】,DX,6a8bc4d596414ec6.png,FESTiVAL,2.0~,6.5,12.0,13.4,
れっつ！みらくる☆はーどこあっ！,DX,cc77677df0228ea3.png,FESTiVAL,5.0~,8.2,11.8,13.9,
Blank Paper (Prod. TEMPLIME),DX,608e151274d09dad.png,FESTiVAL,2.0~,6.0,8.7,12.9,
In my world (Prod. KOTONOHOUSE),DX,58d0517c2fdd8314.png,FESTiVAL,3.0~,6.5,10.0,13.3,
アイム・マイヒーロー,DX,771094a23ff3c48e.png,FESTiVAL,2.0~,6.2,9.0,13.2,
NightTheater,DX,b32789df69d7f17a.png,FESTiVAL,3.0~,7.8,11.8,13.9,
キュートなカノジョ,DX,fa6d81df2d4ab076.png,FESTiVAL,3.0~,6.8,9.8,12.8,
へべれけジャンキー,DX,d40c1ce72043c066.png,FESTiVAL,2.0~,6.2,9.7,13.2,
きゅうくらりん,DX,89a9a20b498524c9.png,FESTiVAL,4.0~,7.5,11.6,13.7,
回る空うさぎ,DX,dd2686a8aa23107f.png,FESTiVAL,2.0~,6.2,8.2,12.0,
Lost Desire,DX,a989612852f81b34.png,FESTiVAL,3.0~,7.8,11.7,13.8,
Aegleseeker,DX,ced71091c6d0d194.png,FESTiVAL,5.0~,8.5,12.8,14.5,
最強STRONGER,DX,f9c1158b5ed2757f.png,FESTiVAL,6.0~,8.7,12.8,14.5,
ボッカデラベリタ,DX,be8b42fc0300e467.png,FESTiVAL,3.0~,7.0,10.0,13.1,
『んっあっあっ。』,DX,ea4afae77fb914bc.png,FESTiVAL,2.0~,6.8,9.5,12.8,
独りんぼエンヴィー,DX,c3dd993792f97bb0.png,FESTiVAL,1.0~,6.5,8.5,12.7,
ロータスイーター,DX,95273f50f274c64a.png,FESTiVAL,2.0~,6.8,9.8,13.3,
ViRTUS,DX,5d89c120d8c41d6a.png,FESTiVAL,6.0~,9.0,13.2,14.6,
Alice's Suitcase,DX,59245b344d59a01d.png,FESTiVAL,3.0~,7.7,10.7,13.7,
ピュグマリオンの咒文,DX,f64908fc2a147935.png,FESTiVAL,4.0~,7.2,10.7,13.8,
トノサマビーム,DX,8212573b9837ddff.png,FESTiVAL PLUS,3.0~,7.0,10.5,12.8,
enchanted wanderer,DX,f7555b935a2eddc3.png,FESTiVAL PLUS,3.0~,7.2,12.0,13.8,
Comet Panto Men!,DX,81c7f7c9a9042eab.png,FESTiVAL PLUS,5.0~,7.8,12.0,13.9,
ツムギボシ,DX,793b837b2593552d.png,FESTiVAL PLUS,5.0~,7.8,11.9,13.9,
VeRForTe αRtE:VEiN,DX,5461cc48817a3c7a.png,FESTiVAL PLUS,6.0~,8.2,12.9,14.8,
ヱデン,DX,3f9cdf75c514d530.png,FESTiVAL PLUS,3.0~,6.5,9.0,12.8,
にゃーにゃー冒険譚,DX,2ee0ae1e83c28ce3.png,FESTiVAL PLUS,5.0~,8.2,11.0,13.7,
アンバークロニクル,DX,575733d6aee16503.png,FESTiVAL PLUS,5.0~,7.8,11.0,13.3,
リフヴェイン,DX,6626dcdb181d6d4e.png,FESTiVAL PLUS,3.0~,7.5,10.8,13.6,
Kairos,DX,d1902fbb83b1c1cc.png,FESTiVAL PLUS,4.0~,7.8,11.2,13.5,
宵の鳥,DX,e005c0199a1cf88d.png,FESTiVAL PLUS,4.0~,7.7,10.7,13.6,
ここからはじまるプロローグ。 (Kanon Remix),DX,163cb65566312402.png,FESTiVAL PLUS,4.0~,7.0,11.8,13.8,
モ°ルモ°ル (MZK Skippin' Remix),DX,959d4a141d9b398b.png,FESTiVAL PLUS,3.0~,6.0,10.9,13.7,
VERTeX (rintaro soma deconstructed remix),DX,fad2062de9b868ae.png,FESTiVAL PLUS,5.0~,7.8,12.8,14.6,
隠密あんみつDX,DX,693ed3f8ef555432.png,FESTiVAL PLUS,3.0~,7.0,10.7,13.5,
地球,DX,df8227797c9a592e.png,FESTiVAL PLUS,6.0~,9.0,12.8,14.3,
Churros Parlor,DX,b1f8ab64f6dcdac3.png,FESTiVAL PLUS,5.0~,7.8,12.5,13.8,
超熊猫的周遊記（ワンダーパンダートラベラー）,DX,ee5ed79e9849c1a6.png,FESTiVAL PLUS,4.0~,7.7,12.7,14.6,
Trrricksters!!,DX,482a7afdc94fba8b.png,FESTiVAL PLUS,6.0~,8.0,12.8,14.3,
FLUFFY FLASH,DX,6572d38b823295bd.png,FESTiVAL PLUS,6.0~,8.5,12.8,14.4,
STARRED HEART,DX,77d1acf8f729d163.png,FESTiVAL PLUS,3.0~,5.8,9.7,12.5,
Y.Y.Y.計画!!!!,DX,58eb9f4012c61f50.png,FESTiVAL PLUS,4.0~,7.8,10.7,13.3,
Last Kingdom,DX,0f5e140d7b059b50.png,FESTiVAL PLUS,4.0~,7.7,12.5,13.8,
LAMIA,DX,0cde431203c0df1c.png,FESTiVAL PLUS,6.0~,8.0,13.0,14.7,
ヒバリ,DX,fed4dfdcc7c7554f.png,FESTiVAL PLUS,2.0~,5.0,10.7,13.4,
"Hello, Hologram",DX,5557331d09fee07b.png,FESTiVAL PLUS,5.0~,7.2,10.5,13.8,
不機嫌なスリーカード,DX,8d2776e8b9c3ceaf.png,FESTiVAL PLUS,3.0~,7.5,10.5,13.0,
神っぽいな,DX,c3a9afc3a22b1031.png,FESTiVAL PLUS,2.0~,6.5,8.7,11.7,13.3
魔法少女とチョコレゐト,DX,3c8f19a3d9d8e0bd.png,FESTiVAL PLUS,3.0~,6.8,9.5,13.5,
阿修羅ちゃん,DX,4277ad4d332c104a.png,FESTiVAL PLUS,3.0~,6.8,10.0,13.2,
おとせサンダー,DX,5d77231ceab248b4.png,FESTiVAL PLUS,3.0~,6.5,9.8,11.5,13.7
ロウワー,DX,b184bbc558adbf41.png,FESTiVAL PLUS,2.0~,6.0,8.8,11.5,13.5
キャットラビング,DX,67e27d4f36585603.png,FESTiVAL PLUS,2.0~,6.5,8.8,12.8,
リスペク風神,DX,7dbb031a76f34e1a.png,FESTiVAL PLUS,3.0~,6.8,10.8,13.7,
Let you DIVE!,DX,ce70f4f4f072bedf.png,FESTiVAL PLUS,3.0~,7.8,11.5,12.8,
Knight Rider,DX,fdb762a5225efc03.png,FESTiVAL PLUS,5.0~,8.5,11.2,13.8,
I’m Here (feat. Merry Kirk-Holmes),DX,80be5642b2087e7e.png,BUDDiES,4.0~,7.5,10.0,13.2,
INTERNET OVERDOSE,DX,5108df88dd9a6896.png,FESTiVAL PLUS,4.0~,7.5,10.8,13.5,
魂のルフラン,DX,9d1b30fd5d7e05df.png,FESTiVAL PLUS,2.0~,6.5,9.5,12.9,
Shooting Shower～DANCE TIME(シンディ)～,DX,9562876b64f4cedf.png,FESTiVAL PLUS,4.0~,6.5,9.0,13.0,
Lights of Muse,DX,ca2aaba925151aa8.png,FESTiVAL PLUS,3.0~,7.0,10.0,13.2,
tape/stop/night,DX,21d83321da86a7b8.png,FESTiVAL PLUS,2.0~,6.8,10.2,12.8,
Final Step!,DX,199974438b6c95cc.png,FESTiVAL PLUS,4.0~,7.7,11.0,13.8,
The 90's Decision,DX,6e44ffb21d644d0e.png,FESTiVAL PLUS,3.0~,6.5,11.2,13.0,
僕の和風本当上手,DX,96eb4c9ec685a7bc.png,FESTiVAL PLUS,5.0~,8.0,12.0,14.0,
Cthugha,DX,90fc803686e1f37e.png,FESTiVAL PLUS,6.0~,8.8,12.5,14.2,
はんぶんこ,DX,4d9e0c3640c966c5.png,FESTiVAL PLUS,1.0~,6.0,8.7,12.9,
PUPA,DX,32f705d989f3cd7f.png,BUDDiES,6.0~,7.7,12.8,14.4,
解けないように,DX,4f5c580bc5ff6337.png,BUDDiES,4.0~,7.5,9.8,12.8,
インターネットサバイバー,DX,60538d73546de334.png,FESTiVAL PLUS,3.0~,7.0,11.0,13.4,
コンティニュー！ feat. 藍月なくる,DX,af4f08eaff72cde9.png,FESTiVAL PLUS,4.0~,7.0,10.7,13.6,
Sunday Night feat Kanata.N,DX,ac573bb480e7fc70.png,FESTiVAL PLUS,3.0~,6.5,10.8,13.5,
PERSONA feat. PANXI,DX,09b0894db54b2fd5.png,FESTiVAL PLUS,4.0~,7.5,10.8,13.3,
Halfway(>∀<),DX,77c0243dedb23b60.png,FESTiVAL PLUS,5.0~,8.0,12.0,13.7,
Complex Mind,DX,b4ba936740486f75.png,FESTiVAL PLUS,5.0~,7.8,11.7,13.8,
DROPS feat. Such,DX,413187f3403812f9.png,FESTiVAL PLUS,3.0~,6.5,10.7,13.2,
あつすぎの歌,DX,e25404b426613ed6.png,FESTiVAL PLUS,4.0~,7.2,10.5,13.8,
ULTRA SYNERGY MATRIX,DX,020b7a4dea021d7e.png,FESTiVAL PLUS,5.0~,7.4,12.0,14.0,
花となれ,DX,ccdf78d24c2c346d.png,FESTiVAL PLUS,2.0~,6.2,8.8,12.2,
私のドッペルゲンガー,DX,25d2796e350abebe.png,FESTiVAL PLUS,3.0~,7.5,10.7,13.2,
BULK UP (GAME EXCLUSIVE EDIT),DX,bde3cd8df3f6d7e5.png,FESTiVAL PLUS,5.0~,8.5,11.9,14.2,
Vallista,DX,c1e02d23d7cc8cca.png,FESTiVAL PLUS,4.0~,8.0,12.6,14.0,
ノンブレス・オブリージュ,DX,6a7cf1cc1358ceba.png,BUDDiES,3.0~,7.2,10.0,13.1,
テオ,DX,d315e6c1c6b44779.png,FESTiVAL PLUS,5.0~,7.8,10.8,13.2,
まにまに,DX,246676f034b75f5f.png,FESTiVAL PLUS,4.0~,7.0,9.8,12.7,
感情ディシーブ,DX,cc2d4419a41f1c70.png,FESTiVAL PLUS,3.0~,7.0,9.7,13.1,
ド屑,DX,c94dcba3903fcde9.png,FESTiVAL PLUS,2.0~,6.5,9.5,13.1,
絶対敵対メチャキライヤー,DX,bdcf8e5695899ae6.png,FESTiVAL PLUS,3.0~,7.7,9.8,12.9,
つるぺったん,DX,c30b982886cd4b33.png,FESTiVAL PLUS,4.0~,7.7,10.0,12.5,
『ウソテイ』 ～一回戦せりなvsしろなvsなずな～,DX,fb636683b41b00f1.png,FESTiVAL PLUS,4.0~,7.8,10.5,13.7,
Bad Apple!! feat.nomico ～五十嵐 撫子 Ver.～,DX,69815c3a46ef8b0f.png,FESTiVAL PLUS,3.0~,6.5,10.7,13.3,
Snow Colored Score,DX,27e298313b402e0b.png,FESTiVAL PLUS,2.0~,6.5,9.9,12.9,
MAGENTA POTION,DX,3902dd1ec9eec1d0.png,FESTiVAL PLUS,2.0~,6.5,10.5,13.7,
NOIZY BOUNCE,DX,e7badc37466ded77.png,BUDDiES,2.0~,6.5,10.0,13.4,
サンバディ！,DX,921a8fe452c6f622.png,BUDDiES,2.0~,6.5,9.7,13.2,
Horoscope Express,DX,8ad4e0648c979e13.png,BUDDiES,5.0~,8.0,11.5,14.0,
Party☆People☆Princess,DX,284cbd482551683b.png,BUDDiES,5.0~,7.8,11.9,14.3,
Latent Kingdom,DX,2079d8ee35e28e4d.png,BUDDiES,6.0~,8.5,12.8,14.9,
Mystic Parade,DX,f2d52ff92515572f.png,BUDDiES,3.0~,7.5,10.0,13.5,
Cry Cry Cry,DX,dedc00b2c9b959a0.png,BUDDiES,2.0~,6.2,9.8,12.8,
ぽわわん劇場,DX,8a8d657158afc525.png,BUDDiES,5.0~,7.8,11.2,13.5,
my flow,DX,bb78ce62fe4a3def.png,BUDDiES,4.0~,7.8,11.0,13.7,
POWER OF UNITY,DX,34d74efd7d8eca9d.png,BUDDiES,5.0~,8.2,12.0,13.8,
Energizing Flame,DX,eb39039aa47b1aa7.png,BUDDiES,6.0~,8.0,12.8,14.4,
KHYMΞXΛ,DX,474425ed8b75f482.png,BUDDiES,6.0~,8.7,12.9,14.7,
フェイクフェイス・フェイルセイフ,DX,ef022adb2813059a.png,BUDDiES,5.0~,7.8,11.9,13.8,
ふらふらふら、,DX,f7bab572b1bef0d9.png,BUDDiES,3.0~,7.8,11.5,13.7,
シックスプラン,DX,9cd7ade77cfb6cd4.png,BUDDiES,2.0~,6.2,9.2,13.2,
フタタビ,DX,97dd3b432fba0716.png,BUDDiES,2.0~,6.8,11.2,13.4,
SQUAD-Phvntom-,DX,1f7f4a1e70e24919.png,BUDDiES,5.0~,7.8,12.8,14.3,
GEOMETRIC DANCE,DX,34b3ce15e74d1446.png,BUDDiES,4.0~,7.7,12.5,14.4,
熱異常,DX,af9eb8410a85e0ec.png,BUDDiES,4.0~,7.7,10.2,12.1,13.9
1000年生きてる,DX,2cd2e91ad6aa4d0f.png,BUDDiES,3.0~,7.8,9.0,13.4,
IMAWANOKIWA,DX,328c771d0a452fc9.png,BUDDiES,3.0~,7.5,10.8,13.7,
Play merrily NEO,DX,a4fe181ee9ccfd93.png,BUDDiES,2.0~,7.0,9.8,12.9,
OMAKENO Stroke,DX,d944767a84263966.png,BUDDiES,5.0~,8.0,11.9,13.8,
青春コンプレックス,DX,b3c2cfe1e41c7ee9.png,BUDDiES,3.0~,7.0,10.0,11.8,13.8
さくゆいたいそう,DX,4a865397a5170d82.png,BUDDiES,2.0~,6.8,9.7,12.6,
バグ,DX,395858beb7340b13.png,BUDDiES,4.0~,7.5,10.2,11.8,13.8
星界ちゃんと可不ちゃんのおつかい合騒曲,DX,5a5e8baece4c8dc4.png,BUDDiES,5.0~,8.0,11.9,13.8,
Burn My Soul,DX,3f75d0e0bf442ed0.png,BUDDiES,4.0~,7.8,10.5,12.8,
with U,DX,d39736ee3ce210a3.png,BUDDiES,4.0~,7.8,12.0,13.4,
Love Kills U,DX,366bd9ce89bdcaf6.png,BUDDiES,3.0~,7.8,10.7,13.4,
DANGEROOOOUS JUNGLE,DX,23e16c80b4451243.png,BUDDiES,4.0~,7.8,11.8,13.8,
天使光輪,DX,2df53853d801d0e9.png,BUDDiES,6.0~,8.2,12.6,14.4,
story,DX,ebb6cd1f90816331.png,BUDDiES,3.0~,7.7,10.8,12.2,
トンデモワンダーズ,DX,6f1f4f9f62ca793b.png,BUDDiES,3.0~,7.0,10.0,13.6,
神威,DX,1ca2b9f20e307c03.png,BUDDiES,6.0~,8.7,12.8,14.6,
ozma,DX,a4cebf8fa37c9318.png,BUDDiES,6.0~,8.8,12.9,13.9,
月面基地,DX,6c7c8837a9e4b14c.png,BUDDiES,5.0~,7.8,12.5,13.7,
Apollo,DX,2b46dc47f1fe3d6d.png,BUDDiES,7.0~,8.8,13.0,14.7,
raputa,DX,486d317c19a52fd5.png,BUDDiES,7.0~,8.7,13.7,14.9,
アルカンシエル,DX,5fbf0fbd4d18f6e2.png,BUDDiES,4.0~,7.2,10.7,12.9,
PinqPiq (xovevox Remix),DX,0155b81ffa2eab24.png,BUDDiES,4.0~,6.8,11.0,13.7,
にっこり^^調査隊のテーマ,DX,6034307d9291f014.png,BUDDiES,3.0~,6.8,10.5,12.8,
アイディスマイル,DX,08d332ae453192d2.png,BUDDiES,3.0~,7.0,9.7,12.8,
RAD DOGS,DX,090b22d9d89285cd.png,BUDDiES,3.0~,6.5,10.0,13.0,
あなたは世界の終わりにずんだを食べるのだ,DX,bc79d6ceafb61bd6.png,BUDDiES,2.0~,6.2,9.8,12.9,
HUMANBORG,DX,9e8c84f25675f149.png,BUDDiES,4.0~,7.0,12.0,13.8,
ずんだもんの朝食　〜目覚ましずんラップ〜,DX,c4d3b35bca6c9943.png,BUDDiES,3.0~,8.0,10.8,13.1,
ULTRA POWER,DX,0ee0733dfff12e09.png,BUDDiES,3.0~,6.2,11.2,13.5,
Redemption,DX,ee99a02fc685bbe4.png,BUDDiES,4.0~,7.8,11.8,13.9,
The Great Banquet,DX,4014389349bb320b.png,BUDDiES,4.0~,8.0,11.5,14.0,
Straight into the lights,DX,bb049831e2c0b573.png,BUDDiES,4.0~,8.5,12.5,14.8,
Ether Second,DX,1572e3183f426fc0.png,BUDDiES,4.0~,7.8,11.8,13.9,
ツギハギスタッカート,DX,387ff1be544f7efc.png,BUDDiES,1.0~,6.0,9.5,12.7,
HANIPAGANDA,DX,0e72ea01a7940ebc.png,BUDDiES,4.0~,7.2,11.8,13.6,
Rush-Hour,DX,72add6e11afd6c5a.png,BUDDiES,4.0~,8.7,12.5,13.8,
ジェヘナ,DX,0d250f5077500a46.png,BUDDiES,2.0~,6.5,9.8,13.3,
インパアフェクシオン・ホワイトガアル,DX,f3e016cdb888c313.png,BUDDiES,4.0~,7.9,11.5,14.2,
Ring,DX,dae3ed9c3ccbcdb2.png,BUDDiES,2.0~,6.5,9.8,12.8,
WE'RE BACK!!,DX,31d7d548f4a52676.png,BUDDiES,4.0~,8.0,12.2,14.0,
系ぎて,DX,1ace9e4612c5e020.png,BUDDiES,7.0~,10.5,13.8,14.7,15.0
さよならプリンセス,DX,a98a61705b5d5c24.png,BUDDiES,4.0~,7.2,10.8,12.9,
天使の翼。,DX,0412717b893fe247.png,BUDDiES,2.0~,6.2,9.8,12.9,
QUEEN,DX,4c8911dff643e5cb.png,BUDDiES,3.0~,6.5,10.0,12.8,
寝起きヤシの木,DX,d0f58d2f2ac3b6d0.png,BUDDiES PLUS,3.0~,6.5,9.8,12.8,
Freak Out Hr.,DX,f014554b82f4e5cf.png,BUDDiES PLUS,3.0~,7.0,10.7,13.3,
さよならヒストリー,DX,4f34157be56c8be3.png,BUDDiES PLUS,3.0~,7.2,10.5,13.1,
酔いどれ知らず,DX,ad57bb1283f79a33.png,BUDDiES PLUS,2.0~,6.0,8.5,11.6,13.2
匿名M,DX,3521590854ca73db.png,BUDDiES PLUS,3.0~,7.0,9.7,12.8,
強風オールバック,DX,5a4d4a0c47036e31.png,BUDDiES PLUS,2.0~,6.2,9.7,12.6,
過去を喰らう,DX,0d661350576c1dbe.png,BUDDiES PLUS,4.0~,7.5,10.0,13.0,
New York Back Raise,DX,794ac130eb662e74.png,BUDDiES PLUS,3.0~,7.8,12.7,13.7,
QuiQ,DX,cbe2c6b9420a2d98.png,BUDDiES PLUS,6.0~,8.7,12.9,14.4,
壱雫空,DX,565cf956baa7ffe8.png,BUDDiES PLUS,3.0~,7.0,11.0,13.7,
MarbleBlue.,DX,297d6d7da385d698.png,BUDDiES PLUS,6.0~,8.2,12.9,14.5,
Edelweiss,DX,929e9ac15a6a6b70.png,BUDDiES PLUS,5.0~,8.0,11.8,13.9,
アイドル,DX,c7c5029b33c09561.png,BUDDiES PLUS,3.0~,6.5,9.8,11.4,13.1
のじゃロリック,DX,396fbb70013071f7.png,BUDDiES PLUS,3.0~,7.5,10.0,13.1,
ラビットホール,DX,463ca52e854f4869.png,BUDDiES PLUS,3.0~,7.0,9.8,11.8,13.3
Λzure Vixen,DX,52844a4b40958122.png,BUDDiES PLUS,6.0~,8.0,13.2,14.6,
INTERNET YAMERO,DX,e7c32e5c2d4300ee.png,BUDDiES PLUS,4.0~,7.8,10.7,11.9,13.8
エスオーエス,DX,ec45c25d80cd0341.png,BUDDiES PLUS,5.0~,7.8,10.9,13.6,
DUAL ROZES,DX,90374370dd705b70.png,BUDDiES PLUS,3.0~,6.2,9.7,13.7,
MUSIC PЯAYER,DX,3340e09175faaa70.png,BUDDiES PLUS,4.0~,6.5,10.0,13.7,
ouroboros -twin stroke of the end-,DX,8b12a65d1c465e60.png,BUDDiES PLUS,6.0~,9.0,12.5,14.4,
VOLT,DX,87162879cceeeb0b.png,BUDDiES PLUS,3.0~,7.5,10.9,13.4,
IF:U,DX,0c04b513c0520392.png,BUDDiES PLUS,6.0~,8.0,12.8,14.7,
tiny tales continue,DX,f29a219f4a370552.png,BUDDiES PLUS,5.0~,8.0,11.0,13.9,
おくすり飲んで寝よう,DX,848ca5372a825d86.png,BUDDiES PLUS,3.0~,6.5,9.7,12.8,
サイバーサンダーサイダー,DX,8489c52144bb8be5.png,BUDDiES PLUS,4.0~,6.5,10.7,13.6,
カーニバルハッピー,DX,3595660bf2057942.png,BUDDiES PLUS,4.0~,7.8,11.5,13.5,
つづみぐさ,DX,567cedcde11724e1.png,BUDDiES PLUS,3.0~,7.5,10.0,13.3,
Cider P@rty,DX,4839dab189ca43a1.png,BUDDiES PLUS,3.0~,7.8,11.0,13.5,
Bloody Trail,DX,e9c5825f3cebbfe1.png,BUDDiES PLUS,6.0~,8.8,12.8,14.5,
Lunatic Vibes,DX,7ab09df82652c586.png,BUDDiES PLUS,5.0~,7.7,11.2,13.8,
勦滅,DX,f724f87d64fa40db.png,BUDDiES PLUS,5.0~,7.8,11.8,14.2,
新人類,DX,3d83103605f1e63c.png,BUDDiES PLUS,3.0~,6.5,10.7,13.7,
バカ通信,DX,5826cc96ab759012.png,BUDDiES PLUS,5.0~,7.9,11.0,13.7,
ライアーダンサー,DX,3ecd712a72f9b81a.png,BUDDiES PLUS,3.0~,7.5,10.0,13.2,
ザムザ,DX,8032e0a4e5be70bf.png,BUDDiES PLUS,1.0~,6.5,9.8,12.9,
バラバラ〜仮初レインボーローズ〜,DX,119e1fa2c7387aa9.png,BUDDiES PLUS,2.0~,6.0,10.7,12.7,
LOSTPHANTASIA,DX,c825fb9620d74576.png,BUDDiES PLUS,2.0~,6.5,9.8,12.7,
INFiNiTE ENERZY -Overdoze-,DX,486ae6dae890e7d7.png,BUDDiES PLUS,5.0~,8.0,13.0,14.0,
Bad Apple!! feat.nomico (Tetsuya Komuro Remix),DX,72e6a54b6da5262b.png,BUDDiES PLUS,2.0~,6.2,9.8,13.1,
Re:Unknown X,DX,0847c38d2a623e99.png,BUDDiES PLUS,6.0~,9.0,12.5,14.6,
DEVOTION,DX,dfe08aefe5fcd266.png,BUDDiES PLUS,5.0~,7.8,11.7,14.3,
RE:INCARNATED DRAGNER,DX,08ecab27bca7f9f7.png,BUDDiES PLUS,5.0~,8.0,11.8,13.9,
Beginning together!,DX,091204c68ec374bc.png,BUDDiES PLUS,4.0~,7.0,10.7,13.7,
Shining Ray ～僕らの絆～,DX,683b3ea0430e281e.png,BUDDiES PLUS,5.0~,7.2,10.5,13.3,
Make Up Your World feat. キョンシーのCiちゃん & らっぷびと,DX,b3f24cb4e56ccba5.png,BUDDiES PLUS,5.0~,7.8,10.8,13.4,
ミラクルポップ☆アドベンチャー!!!!!,DX,15e5297f80a4aa55.png,BUDDiES PLUS,6.0~,8.5,12.5,14.2,
Everybody Say HARDCORE TANO*C,DX,23b599302f289981.png,BUDDiES PLUS,5.0~,8.0,10.7,13.6,
Trust,DX,dadc9d2b98ecf1c8.png,BUDDiES PLUS,3.0~,7.0,11.2,13.6,
BOOM! BOOM!! BOOM!!!,DX,9ffcfe46b8701004.png,BUDDiES PLUS,4.0~,7.0,10.5,13.6,
QUATTUORUX,DX,5d5496cab15d0422.png,BUDDiES PLUS,6.0~,8.8,13.0,14.5,
スティールユー,DX,e78eee64612c0152.png,BUDDiES PLUS,3.0~,7.8,11.0,13.1,
オシオキGIMMICK!!,DX,9397ebded3a032da.png,BUDDiES PLUS,3.0~,7.5,10.7,12.9,
ラヴィ,DX,c4e7300bbe13a1d1.png,BUDDiES PLUS,4.0~,7.5,10.7,13.2,
RondeauX of RagnaroQ,DX,2741f6c344272eb8.png,BUDDiES PLUS,5.0~,8.5,12.5,14.5,
ℝ∈Χ LUNATiCA,DX,48447c3e67a26b08.png,BUDDiES PLUS,6.0~,9.0,12.9,14.8,
Geranium,DX,acf47237292dfe55.png,BUDDiES PLUS,5.0~,7.0,10.8,13.7,
The Cursed Doll,DX,4a62f16daa2b88e3.png,BUDDiES PLUS,3.0~,6.8,11.0,13.5,
偉大なる悪魔は実は大天使パトラちゃん様なのだ！,DX,1a0ffd5bf37e729f.png,BUDDiES PLUS,4.0~,7.7,10.7,13.8,
シュガーホリック,DX,324d40da6e652209.png,BUDDiES PLUS,3.0~,7.0,10.0,13.1,
Baqeela,DX,211cecb144f94410.png,BUDDiES PLUS,3.0~,6.5,10.8,13.8,
まっすぐ→→→ストリーム！,DX,41845620a08d44cf.png,BUDDiES PLUS,4.0~,7.5,10.7,13.5,
最っ高のエンタメだ!!,DX,99de641563f8b8a1.png,BUDDiES PLUS,5.0~,7.2,11.2,13.7,
Ai C,DX,17fd83901e99d7b6.png,BUDDiES PLUS,5.0~,8.2,12.0,14.0,
Chronomia,DX,ec046ab5d636f47c.png,PRiSM,6.0~,8.5,12.5,14.2,
デビルじゃないもん,DX,b5e731e7ed59b8dd.png,PRiSM,3.0~,6.8,9.7,13.0,
マツケンサンバⅡ,DX,3dd9d507a078c2b1.png,PRiSM,3.0~,6.5,9.7,12.7,
YKWTD,DX,602137b1a10fa7eb.png,PRiSM,4.0~,8.0,11.0,13.8,
ダーリンダンス,DX,9910b237c1d3fd1b.png,PRiSM,3.0~,7.2,9.8,11.8,13.5
Ultimate taste,DX,45151be961a7a053.png,PRiSM,5.0~,7.8,11.0,13.7,
ずんだパーリナイ,DX,9d9716c8ac790446.png,PRiSM,4.0~,7.5,10.5,13.8,
プリズム△▽リズム,DX,0357191a14ae5114.png,PRiSM,3.0~,6.5,10.0,13.0,
美夜月鏡,DX,286e3071ecea46df.png,PRiSM,5.0~,7.9,12.2,14.2,
パラドクスイヴ,DX,cee93e70e6c82a7a.png,PRiSM,3.0~,7.7,11.0,13.5,
唱,DX,4eb82a345908ca4f.png,PRiSM,2.0~,6.0,9.5,11.8,13.4
勇者,DX,b36820c1c9f7f7e3.png,PRiSM,3.0~,6.5,9.8,11.7,13.2
愛包ダンスホール,DX,264d51b84676ad67.png,PRiSM,3.0~,6.2,9.2,13.1,
184億回のマルチトニック,DX,a2354433a57c01eb.png,PRiSM,5.0~,8.2,11.7,14.1,
Elemental Ethnic,DX,d24d81a72fa103e9.png,PRiSM,6.0~,8.2,12.7,14.0,
病み垢ステロイド,DX,c9bb4e6aa64146f4.png,PRiSM,5.0~,7.8,11.0,13.9,
リアライズ,DX,edbfefdce47e1f93.png,PRiSM,3.0~,6.5,10.0,13.2,
果ての空、僕らが見た光。,DX,a0307249aa05e567.png,PRiSM,4.0~,8.0,10.8,13.7,
人マニア,DX,10356aac35f154c5.png,PRiSM,3.0~,6.2,10.9,13.7,
イガク,DX,0feee694f02f8954.png,PRiSM,4.0~,7.0,11.2,13.8,
Cryptarithm,DX,cb40822c0f5a3ec1.png,PRiSM,6.0~,8.5,13.0,14.7,
"メイトなやつら（FEAT. 天開司, 佐藤ホームズ, あっくん大魔王 & 歌衣メイカ）",DX,2b79a2298828d8a7.png,PRiSM,3.0~,6.5,10.0,13.0,
ゆけむり魂温泉 II,DX,fc6088e1e9a394a5.png,PRiSM,4.0~,6.0,10.2,13.7,
人間が大好きなこわれた妖怪の唄,DX,9a3da0b5574f0c44.png,PRiSM,3.0~,6.2,9.7,13.2,
天蓋,DX,4b1d9466de5e53e0.png,PRiSM,5.0~,8.0,11.3,13.8,
Ourania,DX,d54c8fb0237dc170.png,PRiSM,5.0~,8.0,10.8,13.4,
Deicide,DX,52fdd4f921a6c08e.png,PRiSM,5.0~,7.8,12.0,14.4,
氷滅の135小節,DX,b28c21f0d14c6e26.png,PRiSM,7.0~,9.8,13.4,14.8,
Divide et impera!,DX,da7d3a099d23a585.png,PRiSM,6.0~,8.0,12.9,14.8,
演劇,DX,b63ee01314aeb377.png,PRiSM,3.0~,6.0,9.7,12.5,
無間嫉妬劇場『666』,DX,5a00e260e3dde459.png,PRiSM,3.0~,7.0,10.5,13.0,
シリウスの輝きのように,DX,e855318fd3b94fc0.png,PRiSM,4.0~,7.7,10.7,12.0,14.0
プラネタリウム・レヴュー,DX,fa634284c1049256.png,PRiSM,3.0~,6.8,10.5,11.8,13.7
てらてら,DX,f44e36f4e46a023e.png,PRiSM,3.0~,7.2,10.5,13.1,
転生林檎,DX,63ff2afcc2fe8c90.png,PRiSM,2.0~,6.5,9.8,13.1,
snooze,DX,990f36f291344332.png,PRiSM,4.0~,6.8,10.7,13.7,
夢現妄想世界,DX,417f52c6388cd20c.png,PRiSM,3.0~,7.8,10.7,13.4,
HYP3RTRIBE,DX,57a1f926723b132f.png,PRiSM,6.0~,8.0,11.7,14.2,
ウルトラトレーラー,DX,a9dee04030e6eedd.png,PRiSM,4.0~,7.5,11.0,13.8,
オーバーライド,DX,7fc9d2db1826507b.png,PRiSM,4.0~,7.8,11.0,13.4,
バベル,DX,6dc9f632ed4791fa.png,PRiSM,4.0~,7.7,10.5,13.7,
エイプリルスター,DX,3a6c5504f3f68c11.png,PRiSM,4.0~,7.5,10.2,13.2,
右に曲ガール,DX,f99ee802d1590feb.png,PRiSM,3.0~,6.5,9.8,12.8,
On your mark (104期 Ver.),DX,9257bd776ceabcfe.png,PRiSM,3.0~,6.7,9.5,12.9,
シスターシスター,DX,c93267acca762322.png,PRiSM,3.0~,6.5,11.0,13.2,
地獄,DX,d859c7c05f6b756a.png,PRiSM,4.0~,7.9,10.7,13.6,
有明/Ariake,DX,2e4769fb4445584c.png,PRiSM,5.0~,8.5,12.4,14.4,
はげしこの夜 -Psylent Crazy Night-,DX,daaa34a941775307.png,PRiSM,4.0~,7.7,11.7,13.8,
Abstruse Dilemma,DX,a5c6705e2bfa3419.png,PRiSM,6.0~,8.7,12.4,14.4,
迷える音色は恋の唄,DX,55c9897b6d540f73.png,PRiSM,3.0~,6.7,10.8,13.7,
Löschen,DX,34026b1095d9e996.png,PRiSM,5.0~,7.8,11.2,13.9,
Empire of Winter,DX,770738c6708a2870.png,PRiSM,4.0~,7.7,10.9,13.7,
ワールドワイドワンダー,DX,68edfc4c5724bd13.png,PRiSM,3.0~,6.5,9.5,13.0,
モンスターカミング,DX,93893d49e89ce1f2.png,PRiSM,3.0~,7.8,11.4,13.2,
MORNINGLOOM,DX,87188ddedc5496cf.png,PRiSM,4.0~,8.2,11.5,13.7,
How To Make 音ゲ～曲！,DX,f14e167e89e6ab22.png,PRiSM,5.0~,7.7,12.0,13.8,
Radiance,DX,fca868901b5bc94e.png,PRiSM,4.0~,6.5,10.9,13.7,
いちげき！のテーマ,DX,65e8e9900bb9161f.png,PRiSM,4.0~,7.5,10.7,13.4,
R'N'R Monsta,DX,162fce5271b54ab3.png,PRiSM,5.0~,8.2,12.0,14.1,
Resolution,DX,59b521d1daa4e5c3.png,PRiSM,5.0~,7.8,11.0,13.7,
いっぱい食べる君が好きだよ,DX,99e85a1e3f0d8213.png,PRiSM,4.0~,8.0,10.8,13.2,
ピポピポ -People People- feat. ななひら,DX,9de079083677da5b.png,PRiSM,5.0~,8.0,11.2,13.8,
お願い！コンコンお稲荷さま,DX,a70ad05ed58abaaf.png,PRiSM,3.0~,7.0,10.5,13.2,
Flashback,DX,8d23c1808c240e57.png,PRiSM,4.0~,7.7,11.5,13.9,
Colorfull:Encounter,DX,0380745bb9f9388b.png,PRiSM,5.0~,7.7,11.7,13.8,
宙天,DX,92fed24b2755bbb4.png,PRiSM,6.0~,8.9,13.5,14.9,
雨露霜雪,DX,2c80b1a894f03420.png,PRiSM,6.0~,9.0,13.5,14.7,
月光,DX,06ae6978bd93cd5b.png,PRiSM PLUS,4.0~,8.0,11.2,13.7,
ウタヒメナイトストーム,DX,180abf50bf90bb63.png,PRiSM PLUS,4.0~,7.0,11.5,13.8,
のだ,DX,4b1a0425008c5fc8.png,PRiSM PLUS,3.0~,6.2,9.8,13.3,
ももいろの鍵,DX,a7716ed2b26b337b.png,PRiSM PLUS,2.0~,6.5,9.0,12.7,
Supersonic Generation,DX,fa5e0d329a6c6726.png,PRiSM PLUS,4.0~,8.0,11.7,13.9,
Feel The Luv,DX,0ad8bc668121b1cf.png,PRiSM PLUS,4.0~,7.7,11.2,13.8,
Bad Apple!! feat.nomico,STD,25676527db91025b.png,GreeN,3.0~,6.8,10.6,12.5,13.3
シカ色デイズ,DX,e4740daf60ccd1dc.png,PRiSM PLUS,3.0~,7.0,9.8,12.8,
Fraq,DX,ab757f2eed76db43.png,PRiSM PLUS,5.0~,8.5,12.2,13.7,
ビビデバ,DX,c518067f022fa72b.png,PRiSM PLUS,2.0~,6.4,9.7,11.8,13.2
Zitronectar,DX,2b7c6e8b13676f2e.png,PRiSM PLUS,5.0~,8.7,12.0,14.3,
はいよろこんで,DX,64786ca51d37629b.png,PRiSM PLUS,3.0~,6.5,9.8,11.6,13.2
きゅびずむ,DX,d4f287d89b9d0f60.png,PRiSM PLUS,3.0~,7.0,10.0,12.9,
Idoratrize World,DX,9361e3bf5d618acb.png,PRiSM PLUS,3.0~,6.8,10.5,13.3,
Synthesis.,DX,27619d6525a81f92.png,PRiSM PLUS,5.0~,8.8,12.6,14.1,
きゅびびびびずむ,DX,ce4c219f98b929ed.png,PRiSM PLUS,5.0~,8.0,12.0,13.8,
ゆりかご,DX,3e37cf333cc6d5cc.png,PRiSM PLUS,2.0~,6.0,9.0,13.0,
メズマライザー,DX,cd6694c3b545ed8b.png,PRiSM PLUS,3.0~,7.2,10.5,11.9,13.8
"Help me, ERINNNNNN!!（Band ver.）",STD,58e2f5be569854ca.png,GreeN,6.0~,7.0,11.6,12.5,
Åntinomiε,DX,b232e4ac452ac306.png,PRiSM PLUS,6.0~,9.5,12.8,14.6,
モエチャッカファイア,DX,9eb45829c19ecb95.png,PRiSM PLUS,3.0~,6.7,10.5,13.8,
もういいよ,DX,ed7eb845cff3414e.png,PRiSM PLUS,2.0~,6.0,9.6,13.2,
マヌルネコのうた,DX,2785e0ca30c916da.png,PRiSM PLUS,3.0~,6.0,9.8,13.0,
スナネコのうた,DX,358706b964277c8b.png,PRiSM PLUS,2.0~,6.0,9.7,13.2,
M@GICAL☆CURE! LOVE ♥ SHOT!,DX,8e331bc031a26ae5.png,PRiSM PLUS,4.0~,7.8,11.2,13.7,
Overjoy ★ OVERDOSE!!,DX,b2c3bad6c7f6d2c7.png,PRiSM PLUS,4.0~,7.8,11.0,14.1,
ATLAS RUSH,DX,499800c520a31d54.png,PRiSM PLUS,5.0~,7.8,12.6,14.7,
DATAERR0R,DX,e3da5b1f49b33f3b.png,PRiSM PLUS,5.0~,8.0,11.7,14.0,
あいたい星人,DX,1bc129c66ee45843.png,PRiSM PLUS,3.0~,6.2,9.7,13.2,
ハオ,DX,97298d8f5ff9e33c.png,PRiSM PLUS,3.0~,7.0,10.0,13.2,
好きな惣菜発表ドラゴン,DX,f5f0c148fc18e746.png,PRiSM PLUS,3.0~,6.5,9.5,12.5,
概して過誤,DX,1a43fdb9edd49c1d.png,PRiSM PLUS,4.0~,7.8,10.8,13.7,
忙シー日,DX,e27b4a41495e33d3.png,PRiSM PLUS,3.0~,7.9,11.8,14.2,
Unfinished Epic,DX,6c00472275eba77d.png,PRiSM PLUS,5.0~,8.7,11.5,13.8,
